节点编号,X坐标（米）,Y坐标（米）,Z坐标（米）
A0,61.61362675,0,-294.1326946
B1,71.27412424,3.074145544,-291.8307769
C1,67.4287632,-8.492173314,-292.6686159
D1,55.49265092,-8.325642897,-295.2852239
E1,51.96061482,3.350281389,-296.0641888
A1,61.71619004,10.39418971,-293.9178694
A3,71.35526593,13.46813358,-291.504123
B2,80.84565116,6.142865428,-289.1887177
B3,77.06817846,-5.417593945,-290.2654391
C2,73.15978505,-16.97035914,-290.8501819
C3,61.28503162,-16.82080445,-293.7009457
D2,49.30047105,-16.64380759,-296.0705561
D3,45.80987073,-4.978351222,-297.1104757
E2,42.23847438,6.698551057,-297.6344524
E3,52.03707941,13.75021463,-295.7334717
A2,61.74169182,20.7743484,-293.3363741
A5,71.36342821,23.86602247,-290.8110599
A6,80.92102781,16.54623816,-288.7468565
B4,90.31964981,9.202378424,-286.2186652
B5,86.63813858,-2.347543978,-287.5192131
B6,82.79312205,-13.90814969,-288.3443149
C4,78.80137311,-25.42439356,-288.68622
C5,66.99933348,-25.31894617,-291.7586717
C6,55.06223257,-25.15885651,-294.3666248
D4,43.04526817,-24.94262533,-296.4844472
D5,39.57287985,-13.31227039,-297.7870517
D6,36.03862406,-1.631105215,-298.5734316
E4,32.45908153,10.04040683,-298.8351649
E5,42.27325992,17.11427183,-297.1877303
E6,52.0318691,24.15353203,-295.0325389
A4,61.69018545,31.12583533,-292.391396
A8,71.29111272,34.21007114,-289.7601019
A9,80.8971515,26.92849893,-287.9503021
A10,90.3674759,19.60462462,-285.6698928
B7,99.69092813,12.25151999,-282.932682
B8,96.08813483,0.710882216,-284.4544857
B9,92.32684449,-10.83183134,-285.5079969
B10,88.41173341,-22.35733726,-286.0866565
C7,84.34804077,-33.84669257,-286.1868608
C8,72.61197568,-33.76945375,-289.4750825
C9,60.75401974,-33.6385581,-292.3057658
C10,48.78932425,-33.4524791,-294.6609496
D7,36.73577903,-33.21005646,-296.5246829
D8,33.29262124,-21.60775071,-298.0859775
D9,29.79049908,-9.962105518,-299.1336431
D10,26.23544078,1.704687269,-299.6596563
E7,22.63398826,13.36974255,-299.6599356
E8,32.47526061,20.45778437,-298.267769
E9,42.25410771,27.50558301,-296.3652992
E10,51.95496913,34.50215418,-293.9663029
A7,61.56357943,41.43707238,-291.0873526
A12,71.16253143,44.6215011,-288.3317721
A13,80.83525512,37.36411016,-286.7738609
A14,90.3964705,30.04661744,-284.7377084
A15,99.80278241,22.70546924,-282.242482
B11,108.953518,15.28636126,-279.3439154
B12,105.5407295,3.768594167,-281.0375748
B13,101.8534754,-7.779397827,-282.3163239
B14,98.00470605,-19.33852593,-283.1275562
B15,94.01262513,-30.85108415,-283.4635097
C11,89.79810895,-42.22662179,-283.3627174
C12,78.17099495,-42.28631127,-286.8300709
C13,66.36603076,-42.183429,-289.8826727
C14,54.42779578,-42.02669178,-292.4730426
C15,42.41164734,-41.81420362,-294.5760277
D11,30.37931361,-41.4364653,-296.1910076
D12,26.87416554,-29.94605903,-298.0082027
D13,23.39742754,-18.31397704,-299.3185424
D14,19.85964951,-6.6299266,-300.1097163
D15,16.27814823,5.045066142,-300.3730332
E11,12.77856031,16.68428171,-300.1038508
E12,22.53568636,23.84385882,-298.9740316
E13,32.35314979,30.91353554,-297.3257761
E14,42.11685729,37.94925237,-295.1691237
E15,51.77887141,44.91634398,-292.5266175
A11,61.36186714,51.69406082,-289.4311527
A17,70.9399562,54.86392281,-286.5743012
A18,80.67463517,47.75255917,-285.2461075
A19,90.30761001,40.4743167,-283.4573302
A20,99.79308752,33.13095244,-281.2097498
A21,109.0312692,25.73863911,-278.5504745
B16,118.1044192,18.30584069,-275.4649114
B17,114.7762373,6.7980901,-277.3587583
B18,111.266911,-4.718697711,-278.813387
B19,107.5062666,-16.28294579,-279.8455376
B20,103.56879,-27.82117104,-280.4190889
B21,99.43943224,-39.22169549,-280.5507551
C16,95.14733256,-50.55945771,-280.2254929
C17,83.58616168,-50.65555615,-283.8863154
C18,71.89659319,-50.67435739,-287.1181211
C19,60.01647154,-50.55880692,-289.9284577
C20,48.03297482,-50.36065162,-292.2688158
C21,36.04226337,-50.02699563,-294.1228938
D16,23.98646332,-49.60850441,-295.4852896
D17,20.49859749,-38.16136723,-297.5498612
D18,16.97451181,-26.64128232,-299.1137523
D19,13.44928547,-14.97999748,-300.1685952
D20,9.899538631,-3.288255213,-300.696312
D21,6.407467577,8.351950262,-300.6927569
E16,2.905070426,19.9769904,-300.1646151
E17,12.67023444,27.15567722,-299.2916211
E18,22.40831544,34.28334132,-297.9040854
E19,32.19832335,41.34978264,-296.0011649
E20,41.92653445,48.34068424,-293.6015122
E21,51.55054938,55.15898186,-290.7440491
A16,61.08713941,61.8859848,-287.4305056
A23,70.64925586,65.06195663,-284.4706115
A24,80.44855572,57.99214692,-283.3835946
A25,90.09415281,50.82976158,-281.8428946
A26,99.66363018,43.51698323,-279.8387107
A27,108.9932588,36.18242492,-277.414117
A28,118.1652035,28.76866093,-274.5626409
B22,127.1420554,21.30926737,-271.3078469
B23,123.9216695,9.813568272,-273.3838624
B24,120.491898,-1.707651881,-275.0422399
B25,116.8662202,-13.2014759,-276.2690535
B26,113.0117778,-24.75980536,-277.0652164
B27,108.9934994,-36.18205784,-277.4140709
B28,104.7811758,-47.55981977,-277.3209644
C22,100.3946794,-58.83837797,-276.7869374
C23,88.90762713,-58.99359553,-280.6250374
C24,77.27037388,-59.04901158,-284.0556563
C25,65.53277865,-58.99961023,-287.0496116
C26,53.59264856,-58.84294533,-289.6142977
C27,41.65681015,-58.577625,-291.6934022
C28,29.62824556,-58.20224604,-293.2977048
D22,17.56544147,-57.7164527,-294.4112741
D23,14.07272534,-46.33380728,-296.7161433
D24,10.56153866,-34.8435987,-298.530392
D25,7.048505362,-23.30220944,-299.8350396
D26,3.50767392,-11.61778857,-300.6278473
D27,0.000759903,-6.98436E-05,-300.8891454
D28,-3.497899401,11.64140804,-300.6269913
E22,-6.971520051,23.24405932,-299.8417787
E23,2.770595648,30.45421427,-299.225459
E24,12.5287599,37.60968954,-298.0928037
E25,22.25295883,44.67511982,-296.4559123
E26,32.01897477,51.70503975,-294.3064459
E27,41.65671598,58.57887658,-291.6931552
E28,51.24487742,65.35446008,-288.6129076
A22,60.74166069,72.00317499,-285.0942683
A30,70.28500559,75.16054997,-282.0414193
A31,80.12922478,68.16360462,-281.190794
A32,89.84406233,61.05672488,-279.886215
A33,99.41618627,53.85241584,-278.1350838
A34,108.833237,46.56222264,-275.947369
A35,118.085562,39.19862332,-273.334297
A36,127.1648936,31.77252026,-270.3088823
B29,136.0647006,24.29386797,-266.8852453
B30,132.9323358,12.80657038,-269.1436748
B31,129.5992833,1.306440852,-270.9901278
B32,126.0661304,-10.19216079,-272.4161421
B33,122.3363237,-21.67172124,-273.4142055
B34,118.4131761,-33.11552209,-273.9793938
B35,114.301926,-44.50600506,-274.1086277
B36,110.0081132,-55.82633614,-273.8013107
C29,105.539405,-67.05850492,-273.0589718
C30,94.11559793,-67.25581565,-277.0716589
C31,82.55857024,-67.35655512,-280.681975
C32,70.87902766,-67.35588165,-283.8720406
C33,59.08741627,-67.25191926,-286.6248247
C34,47.19949778,-67.04030157,-288.9244936
C35,35.23016017,-66.72071353,-290.7567843
C36,23.19843844,-66.29123033,-292.1098033
D29,11.12499049,-65.75040266,-292.9745521
D30,7.638413219,-54.42400339,-295.5138348
D31,4.136954244,-42.99931511,-297.5684212
D32,0.625961231,-31.49503524,-299.1236543
D33,-2.888457262,-19.93179766,-300.1679969
D34,-6.398206724,-8.329109154,-300.6936462
D35,-9.897656195,3.288633282,-300.6963739
D36,-13.37910544,14.90017366,-300.1761922
E29,-16.83686487,26.48107076,-299.1371857
E30,-7.10695235,33.71436672,-298.7768422
E31,2.633215432,40.88818387,-297.9017762
E32,12.36438515,47.98862607,-296.5187005
E33,22.06933643,55.00449063,-294.6376617
E34,31.73172054,61.92498579,-292.2719414
E35,41.3370504,68.74181181,-289.4371446
E36,50.87183503,75.44658176,-286.1513681
A29,60.3261182,82.03496741,-282.433222
A38,69.90407674,85.63490902,-279.1385467
A39,79.81484384,78.69760574,-278.526574
A40,89.6225563,71.63185859,-277.4592801
A41,99.27853388,64.47497533,-275.9464155
A42,108.8718844,57.16201617,-273.9753617
A43,118.2229662,49.83373421,-271.591074
A44,127.4242177,42.42413974,-268.7846048
A45,136.4359482,34.97021227,-265.578923
B37,144.8736629,27.26052849,-262.207904
B38,142.2621799,15.84583984,-264.4184791
B39,139.0149307,4.338815143,-266.4577222
B40,135.5633545,-7.193861283,-268.086069
B41,131.9221806,-18.69403839,-269.2897867
B42,128.0533216,-30.26846528,-270.071377
B43,124.0292444,-41.69604678,-270.4131715
B44,119.8143451,-53.08202243,-270.3217425
B45,115.429594,-64.37018148,-269.7978297
C37,110.5817959,-75.21625604,-269.0532426
C38,99.39172271,-75.88078877,-273.0568366
C39,87.88753581,-76.02324743,-276.8533195
C40,76.23645915,-76.06853876,-280.2448119
C41,64.49031008,-76.01267666,-283.2022697
C42,52.53573033,-75.8506546,-285.7362819
C43,40.59844084,-75.58287083,-287.7874133
C44,28.56960487,-75.20505964,-289.3697985
C45,16.51071714,-74.71811253,-290.4673878
D37,4.673623183,-73.70120787,-291.1823948
D38,0.829267355,-62.76090403,-293.8774786
D39,-2.669777803,-51.37994086,-296.1782937
D40,-6.187497527,-39.88975357,-297.9895299
D41,-9.704165417,-28.349624,-299.2917878
D42,-13.25091462,-16.65706337,-300.0835808
D43,-16.75806458,-5.039999772,-300.3449029
D44,-20.25617799,6.602218859,-300.0820544
D45,-23.72629137,18.20531664,-299.2980206
E37,-26.67714178,29.68405936,-298.0547924
E38,-17.40368944,37.16201137,-297.8926518
E39,-7.663595247,44.3691488,-297.2813133
E40,2.094619061,51.52173298,-296.1572
E41,11.81902959,58.58272843,-294.5325066
E42,21.59573928,65.61554223,-292.3962399
E43,31.23655572,72.48666028,-289.8005318
E44,40.83155823,79.26311547,-286.7392534
E45,50.33344692,85.91372511,-283.2419692
A37,59.84372154,91.97484157,-279.4576564
A47,69.40359598,95.55107607,-276.0645763
A48,79.40381712,89.13787354,-275.5240625
A49,89.28206157,82.14596765,-274.6897412
A50,99.01984847,75.0222596,-273.4187797
A51,108.7018726,67.77235083,-271.6816442
A52,118.2172748,60.41317272,-269.5173656
A53,127.5210558,53.05437856,-266.9340316
A54,136.6434294,45.61017695,-263.9519472
A55,145.1999615,37.94128375,-260.7998257
B46,153.5704662,30.20882122,-257.2862995
B47,151.0428163,18.79772526,-259.6522294
B48,148.301708,7.370915514,-261.6450459
B49,144.9495233,-4.167534329,-263.4606359
B50,141.3786392,-15.69212595,-264.8731909
B51,137.6127163,-27.28795348,-265.8562321
B52,133.6306228,-38.83735493,-266.4194394
B53,129.5168434,-50.26116154,-266.5345812
B54,125.1994589,-61.60755225,-266.2326969
B55,120.4512222,-72.51172304,-265.7057245
C46,115.5213323,-83.31048726,-264.7812484
C47,104.3847352,-84.01629137,-268.9302599
C48,93.11930964,-84.60850691,-272.7129466
C49,81.52609484,-84.70919606,-276.2865694
C50,69.8158726,-84.68414256,-279.4487251
C51,57.91186907,-84.58448008,-282.1851924
C52,45.91538131,-84.34968727,-284.4728963
C53,33.92316,-84.037257,-286.2707864
C54,21.87289354,-83.58816248,-287.6015802
C55,10.0555549,-82.63988798,-288.5537718
D46,-1.7799913,-81.55997613,-289.0437474
D47,-5.62756339,-70.68126145,-291.9410319
D48,-9.469575611,-59.68724792,-294.389012
D49,-12.99651017,-48.25009687,-296.4453736
D50,-16.50419468,-36.72544571,-298.0043587
D51,-20.06663121,-25.06711854,-299.0547664
D52,-23.5945619,-13.36072888,-299.5813219
D53,-27.11267874,-1.728816106,-299.5762066
D54,-30.5833185,9.904693305,-299.0504727
D55,-33.55981132,21.39647741,-298.0703551
E46,-36.47992504,32.84752942,-296.6006537
E47,-27.23552132,40.35147291,-296.6713733
E48,-17.94689988,47.78785808,-296.2517283
E49,-8.201295136,54.98313116,-295.3890774
E50,1.554173152,62.08153402,-294.0253725
E51,11.3365614,69.16845295,-292.1452293
E52,21.09531949,76.13666265,-289.7795891
E53,30.71106406,82.97504745,-286.9561102
E54,40.27529985,89.68174174,-283.686452
E55,49.82085309,95.81647967,-280.130011
A46,59.29653744,101.8162305,-276.178929
A57,68.84140085,105.38924,-272.6840659
A58,78.90153787,99.04157084,-272.3482599
A59,88.81943563,92.54302895,-271.6034743
A60,98.64217964,85.48401337,-270.5627229
A61,108.4151506,78.3285858,-269.0472022
A62,118.0329318,71.02300963,-267.1126472
A63,127.45078,63.60510509,-264.7750269
A64,136.6880402,56.20232681,-262.0106671
A65,145.3679081,48.60424687,-259.0703213
A66,153.8686871,40.90513127,-255.7691313
B56,162.1577136,33.13853561,-252.1299498
B57,159.7330835,21.73141018,-254.6332964
B58,157.0713541,10.29428639,-256.7862589
B59,154.1820745,-1.122270556,-258.5733986
B60,150.7047308,-12.66979035,-260.1770577
B61,147.0658229,-24.283964,-261.3418404
B62,143.1808703,-35.87137888,-262.1082189
B63,139.0679407,-47.37421241,-262.4701095
B64,134.845433,-58.77478289,-262.3747767
B65,130.2222817,-69.73354009,-262.0493155
B66,125.3867192,-80.60496759,-261.3401975
C56,120.3603693,-91.33902932,-260.2536026
C57,109.2813984,-92.10643769,-264.5316846
C58,98.05694169,-92.73878358,-268.4661505
C59,86.73024248,-93.23135215,-272.0286884
C60,75.06393988,-93.26030507,-275.3788984
C61,63.21899238,-93.24670027,-278.2989732
C62,51.25649498,-93.07430436,-280.7937032
C63,39.23572937,-92.73889342,-282.8408982
C64,27.20658014,-92.35338536,-284.3905645
C65,15.41912131,-91.5001444,-285.5641542
C66,3.587262762,-90.48842972,-286.2921766
D56,-8.229451221,-89.32095792,-286.5681958
D57,-12.10107918,-78.52264342,-289.6542099
D58,-15.94945879,-67.57639569,-292.308701
D59,-19.75652643,-56.53310504,-294.5063641
D60,-23.27834637,-45.04738572,-296.3133559
D61,-26.8794702,-33.44676737,-297.6126779
D62,-30.42684839,-21.75774276,-298.3994374
D63,-33.90192419,-10.04601167,-298.6645322
D64,-37.39742666,1.592253417,-298.396037
D65,-40.42240733,13.07373024,-297.6772897
D66,-43.37267595,24.55203222,-296.4684955
E56,-46.23221082,35.96912093,-294.7824729
E57,-37.04602036,43.50982193,-295.0773882
E58,-27.774566,50.98036765,-294.8906446
E59,-18.46621182,58.34445518,-294.223764
E60,-8.710837036,65.49540634,-293.1193621
E61,1.045107652,72.64991101,-291.4931988
E62,10.82183027,79.68155532,-289.3800532
E63,20.5682664,86.55614061,-286.8012661
E64,30.16548431,93.33437028,-283.7641552
E65,39.71797657,99.55681649,-280.4394423
E66,49.23816871,105.637681,-276.7109839
A56,58.68653969,111.5539801,-272.6086473
A68,68.21798814,115.1030924,-269.0236999
A69,78.31637147,108.8477724,-268.883301
A70,88.29776327,102.4280549,-268.3373575
A71,98.14862747,95.85285466,-267.3887574
A72,108.0100235,88.77588621,-266.0957648
A73,117.708101,81.55689891,-264.3880299
A74,127.2322496,74.20748227,-262.2732635
A75,136.5733005,66.7387759,-259.7607315
A76,145.3736029,59.1979876,-257.0345626
A77,153.9867621,51.56371073,-253.9500843
A78,162.4094541,43.84535605,-250.5173421
B67,170.6390865,36.05065392,-246.7471215
B68,168.2972408,24.6410862,-249.392563
B69,165.7274759,13.21685743,-251.6902988
B70,162.9290038,1.78946489,-253.6326688
B71,159.9023594,-9.627971151,-255.212597
B72,156.3698674,-21.26510803,-256.5613423
B73,152.6004872,-32.86256117,-257.5169952
B74,148.5979757,-44.40408877,-258.075515
B75,144.3661897,-55.87511582,-258.234747
B76,139.8515747,-66.88987695,-258.1117609
B77,135.131573,-77.80750513,-257.6101012
B78,130.2118787,-88.61613108,-256.7318454
C67,125.1004419,-99.30208732,-255.4803753
C68,114.0663411,-100.1111191,-259.8906079
C69,102.9063511,-100.7909249,-263.9576208
C70,91.62626649,-101.3352801,-267.6677032
C71,80.23289852,-101.7395564,-271.0069055
C72,68.43551464,-101.7935108,-274.1092974
C73,56.53987069,-101.6914137,-276.7925369
C74,44.55821289,-101.431064,-279.0428228
C75,32.50704843,-101.0087091,-280.8481478
C76,20.74422239,-100.2340038,-282.2406226
C77,8.948504393,-99.30406073,-283.1943575
C78,-2.861471681,-98.21800035,-283.7041648
D67,-14.66716642,-96.97728032,-283.7669008
D68,-18.55003208,-86.24550471,-287.0373444
D69,-22.40696273,-75.38109157,-289.8818019
D70,-26.23121599,-64.39548465,-292.2839579
D71,-30.01686711,-53.30337321,-294.2287738
D72,-33.64392935,-41.75083806,-295.7724173
D73,-37.21459424,-30.12145205,-296.8098343
D74,-40.72213585,-18.43736735,-297.3331526
D75,-44.15842318,-6.719115186,-297.3386991
D76,-47.22159989,4.75743642,-296.8805274
D77,-50.20603174,16.22403468,-295.9347204
D78,-53.10728655,27.66020185,-294.5078622
E67,-55.92291864,39.04518689,-292.609619
E68,-46.7813864,46.61486649,-293.1266299
E69,-37.56292799,54.10944837,-293.1669254
E70,-28.28446268,61.51487091,-292.7303195
E71,-18.96119966,68.82004348,-291.8196087
E72,-9.219019787,76.03454947,-290.4480874
E73,0.535087203,83.1193912,-288.5917673
E74,10.28551109,90.06606009,-286.2625173
E75,20.01653456,96.86625333,-283.4749558
E76,29.58837233,103.1700356,-280.3852401
E77,39.11831988,109.3259025,-276.8913353
E78,48.5967749,115.3310483,-273.0100429
A67,58.01641984,121.1847447,-268.7580678
A80,67.54204495,124.8171556,-265.0385747
A81,77.70140374,118.6363217,-265.0904888
A82,87.76886293,112.2767574,-264.7391905
A83,97.69627751,105.770194,-263.9872241
A84,107.3888021,99.06818796,-262.892588
A85,117.1894343,91.91788209,-261.4055762
A86,126.8412592,84.61984315,-259.5063833
A87,136.3014861,77.2103825,-257.2096219
A88,145.2352532,69.84226034,-254.6612282
A89,153.9820329,62.25788112,-251.7860118
A90,162.55921,54.57110649,-248.5517657
A91,170.9335586,46.81680559,-244.9800314
B79,179.0194125,38.94616712,-241.1447379
B80,176.8558776,27.54887537,-243.8642433
B81,174.3637996,16.10613962,-246.3113866
B82,171.6419859,4.638164854,-248.4111786
B83,168.7001868,-6.805146844,-250.1492078
B84,165.4620705,-18.141142,-251.5718999
B85,161.7947328,-29.77762875,-252.7156479
B86,157.8883315,-41.38675706,-253.4679718
B87,153.7596863,-52.91358658,-253.823438
B88,149.4586338,-63.96822065,-253.8449267
B89,144.8412786,-74.95881429,-253.5458807
B90,140.0163245,-85.86666878,-252.8697725
B91,135.0052328,-96.64161043,-251.8224955
C79,129.7449554,-107.1993755,-250.470682
C80,118.79031,-108.1467309,-254.9538014
C81,107.6626525,-108.8675729,-259.1607566
C82,96.3960823,-109.4577664,-263.023691
C83,85.03527855,-109.9122701,-266.5151638
C84,73.63457756,-110.1254763,-269.6515847
C85,61.77184222,-110.0905739,-272.524463
C86,49.79909984,-109.8991367,-274.9771683
C87,37.77111769,-109.5497554,-276.9885049
C88,26.07400295,-108.9554535,-278.5489628
C89,14.28795171,-108.1028104,-279.7251536
C90,2.457255489,-107.0955703,-280.4636113
C91,-9.357890156,-105.935044,-280.7585495
D79,-21.08749977,-104.5246844,-280.6512357
D80,-25.06680477,-93.93666726,-284.064653
D81,-28.93798067,-83.12586301,-287.0997778
D82,-32.78589388,-72.17033932,-289.7054186
D83,-36.59278529,-61.12244831,-291.8565256
D84,-40.23538721,-50.00253181,-293.5579316
D85,-43.8370133,-38.40649351,-294.8437984
D86,-47.38470111,-26.72494061,-295.6220324
D87,-50.8577729,-15.01847309,-295.8845197
D88,-54.04671377,-3.629495699,-295.6670875
D89,-57.07399049,7.847057359,-294.9821503
D90,-60.02626775,19.32413173,-293.8116967
D91,-62.88752825,30.7426084,-292.1680905
E79,-65.54113645,42.07426702,-290.0927256
E80,-56.5543116,49.72008433,-290.796551
E81,-47.36886209,57.25243255,-291.0614628
E82,-38.09797476,64.71561308,-290.8515721
E83,-28.79209138,72.07090849,-290.1687033
E84,-19.43300326,79.20180392,-289.0519901
E85,-9.679568033,86.35751442,-287.4486605
E86,0.095059039,93.39169062,-285.3648099
E87,9.841466219,100.2722777,-282.8205362
E88,19.32395119,106.7122975,-279.9555454
E89,28.88336501,112.9584271,-276.692938
E90,38.41286104,119.0685804,-273.027883
E91,47.87264935,125.0200911,-268.9891716
A79,57.28841134,130.706772,-264.6381243
A93,66.80584611,134.3165658,-260.8329496
A94,77.0073819,128.3189116,-261.0253337
A95,87.13884574,122.0463914,-260.8604698
A96,97.14287459,115.5919898,-260.3091218
A97,106.9157703,108.9717233,-259.4056432
A98,116.5393522,102.1907567,-258.1266189
A99,126.29798,94.97585425,-256.4405651
A100,135.8754638,87.60976333,-254.3650501
A101,144.9289672,80.31333578,-252.0207454
A102,153.7987338,72.89537148,-249.3273414
A103,162.5129601,65.27326566,-246.2955107
A104,171.031393,57.54543898,-242.9274774
A105,179.2661317,49.73076325,-239.2850993
B92,187.3037412,41.82653611,-235.328772
B93,185.2183541,30.4167113,-238.1787933
B94,182.8932519,18.99521426,-240.7068476
B95,180.2612445,7.509855663,-242.9500847
B96,177.3844746,-3.966499637,-244.8538468
B97,174.244045,-15.32723614,-246.4292777
B98,170.8637255,-26.65477799,-247.659296
B99,167.0713762,-38.30518438,-248.5933652
B100,163.0281666,-49.89095655,-249.1502227
B101,158.8400724,-61.00123662,-249.3566513
B102,154.4264422,-72.02360695,-249.2078317
B103,149.7172393,-83.0050797,-248.7269309
B104,144.7903168,-93.87271344,-247.8881466
B105,139.6429097,-104.5216531,-246.7336456
C92,134.2953167,-115.0345324,-245.2326472
C93,123.3734382,-116.0221947,-249.8357642
C94,112.3334572,-116.8644968,-254.1185131
C95,101.1048977,-117.507259,-258.1163219
C96,89.76504256,-117.992933,-261.7654307
C97,78.40189525,-118.2689174,-265.0507787
C98,66.94416653,-118.3808785,-267.9679142
C99,55.00896256,-118.2689077,-270.6059335
C100,42.99544191,-117.9749217,-272.8252915
C101,31.3252033,-117.464039,-274.5832575
C102,19.61066415,-116.7783416,-275.9312686
C103,7.792547908,-115.8615744,-276.8873618
C104,-4.03724158,-114.7666998,-277.4159034
C105,-15.77320164,-113.4499054,-277.5369786
D92,-27.48492911,-111.9592533,-277.2332736
D93,-31.48162526,-101.4377669,-280.8103303
D94,-35.43338706,-90.77227868,-283.9886659
D95,-39.30618654,-79.88031323,-286.7820035
D96,-43.12088205,-68.86369625,-289.1391179
D97,-46.79554496,-57.79737127,-291.0459607
D98,-50.39843406,-46.63663508,-292.4973394
D99,-53.9885,-34.99629746,-293.5216918
D100,-57.4867103,-23.29366179,-294.0417766
D101,-60.72372191,-11.92496436,-294.0733562
D102,-63.86170021,-0.536663174,-293.6300835
D103,-66.86886085,10.94149544,-292.7177336
D104,-69.76669347,22.39928812,-291.3329671
D105,-72.47958495,33.75397162,-289.5111349
E92,-75.0795588,45.05227999,-287.2433664
E93,-66.14885414,52.72966066,-288.1521633
E94,-57.11251402,60.32512862,-288.6062905
E95,-47.88647799,67.83393414,-288.6176878
E96,-38.58411245,75.23311964,-288.1652143
E97,-29.25462517,82.42253466,-287.274233
E98,-19.88019141,89.4826959,-285.9337727
E99,-10.12024499,96.59561605,-284.0990243
E100,-0.344887606,103.5510941,-281.8031525
E101,9.139104862,110.0778181,-279.1728443
E102,18.61078908,116.4454954,-276.1374715
E103,28.15604175,122.6546592,-272.700268
E104,37.6683176,128.6973548,-268.8821979
E105,47.10951936,134.4900161,-264.7437692
A92,56.50501423,140.1191315,-260.259386
A107,66.01747715,143.7284016,-256.3612339
A108,76.28048748,137.8089567,-256.728162
A109,86.40877136,131.6916511,-256.7296832
A110,96.49085022,125.3145684,-256.3646791
A111,106.3459268,118.8023043,-255.6362703
A112,116.0635531,112.0937142,-254.5463666
A113,125.6006039,105.2228273,-253.101708
A114,135.2986015,97.93034715,-251.2350053
A115,144.4738904,90.7337032,-249.0825484
A116,153.4760123,83.37898318,-246.5876447
A117,162.2670766,75.89903765,-243.7675429
A118,170.9346466,68.22793465,-240.594806
A119,179.3224193,60.49822092,-237.1365147
A120,187.5200864,52.64218991,-233.3657303
B106,195.4976087,44.69238132,-229.3042314
B107,193.5078313,33.26950817,-232.2671891
B108,191.2563584,21.82121397,-234.9318152
B109,188.7514411,10.39630236,-237.2813625
B110,185.9598697,-1.11196601,-239.3334889
B111,182.935139,-12.49841371,-241.0437738
B112,179.6464407,-23.86718299,-242.4303748
B113,176.1072631,-35.16759255,-243.4840607
B114,172.1726769,-46.81078384,-244.2242693
B115,168.1198116,-57.97335886,-244.5971771
B116,163.8131936,-69.06751099,-244.6329514
B117,159.2721107,-80.04139672,-244.3318698
B118,154.4554208,-90.99769983,-243.686036
B119,149.4455458,-101.734823,-242.7125772
B120,144.2050659,-112.3536074,-241.4051873
C106,138.7557627,-122.8088444,-239.7733904
C107,127.8681738,-123.8549143,-244.4812488
C108,116.8489827,-124.735981,-248.8913055
C109,105.7380529,-125.4465076,-252.9770955
C110,94.42243675,-125.9839534,-256.7681555
C111,83.10237565,-126.3403535,-260.1851562
C112,71.66867721,-126.513112,-263.2572991
C113,60.1703786,-126.4983988,-265.9622715
C114,48.17887831,-126.2825958,-268.372073
C115,36.5429885,-125.8766463,-270.3090302
C116,24.83874715,-125.2742446,-271.8571325
C117,13.12330319,-124.4735489,-273.0047239
C118,1.289407526,-123.4685355,-273.7518675
C119,-10.44191612,-122.2691334,-274.0853812
C120,-22.17617013,-120.8709951,-274.0091876
D106,-33.85582855,-119.2794284,-273.5246375
D107,-37.88819532,-108.8378705,-277.2494686
D108,-41.86012428,-98.22607819,-280.5968743
D109,-45.75338174,-87.48878344,-283.5391667
D110,-49.59592786,-76.52146771,-286.0887819
D111,-53.32242419,-65.52710208,-288.185994
D112,-56.96033823,-54.40459154,-289.8462753
D113,-60.49201167,-43.21033766,-291.0529782
D114,-64.03726409,-31.5334515,-291.820669
D115,-67.3432005,-20.20733603,-292.0906713
D116,-70.53441335,-8.825128421,-291.8956843
D117,-73.59364629,2.554076619,-291.2378644
D118,-76.55083507,14.02839756,-290.1088492
D119,-79.34555245,25.3829254,-288.5367829
D120,-82.00944487,36.71786911,-286.5187233
E106,-84.52986649,47.97884488,-284.0738632
E107,-75.67966953,55.6990632,-285.1729595
E108,-66.68740131,63.33458705,-285.8339066
E109,-57.59714,70.85012558,-286.0498359
E110,-48.32690036,78.30426994,-285.8186546
E111,-39.05489441,85.56354553,-285.1433989
E112,-29.69772308,92.69151795,-284.0268634
E113,-20.30381874,99.65424231,-282.4790807
E114,-10.53131571,106.6974279,-280.4284555
E115,-1.07445583,113.3239755,-278.0286094
E116,8.409884768,119.7881409,-275.2225338
E117,17.87845639,126.0634721,-272.033284
E118,27.41580896,132.2131278,-268.4371508
E119,36.85512602,138.1258531,-264.5120481
E120,46.28477121,143.8687429,-260.2339185
A106,55.66768563,149.4216014,-255.632243
A122,65.17813675,153.0117771,-251.6537877
A123,75.48078781,147.1933767,-252.1834337
A124,85.67372921,141.1664917,-252.3530201
A125,95.74389587,134.9374127,-252.1625019
A126,105.6801589,128.5147454,-251.6118823
A127,115.4707481,121.9061987,-250.7035854
A128,125.1056583,115.1210581,-249.4403749
A129,134.5746184,108.167424,-247.8272753
A130,143.8701321,101.0557771,-245.8686247
A131,152.984122,93.79376025,-243.5714883
A132,161.9110211,86.39137698,-240.9420052
A133,170.6456715,78.85647466,-237.9878459
A134,179.1847572,71.19779776,-234.7161795
A135,187.5252925,63.42159624,-231.1352991
A136,195.6662609,55.53550844,-227.2523285
B121,203.607394,47.54529289,-223.0745841
B122,201.6921043,36.09995553,-226.1604172
B123,199.5250046,24.64734825,-228.9464598
B124,197.1052404,13.19728965,-231.4261332
B125,194.4307119,1.757341343,-233.5946258
B126,191.5022168,-9.660500791,-235.4457647
B127,188.3190871,-21.04667236,-236.975467
B128,184.8830475,-32.38893022,-238.1792044
B129,181.1958977,-43.67541022,-239.0536993
B130,177.2595534,-54.89483384,-239.5967821
B131,173.0785314,-66.03362581,-239.8064204
B132,168.6568352,-77.07983308,-239.6821569
B133,163.9991448,-88.02182107,-239.2244624
B134,159.1109122,-98.84851186,-238.434587
B135,153.9991485,-109.5476175,-237.3147755
B136,148.6696505,-120.11006,-235.8682172
C121,143.1297157,-130.5259158,-234.0988282
C122,132.2626331,-131.6095332,-238.9202375
C123,121.2852559,-132.534535,-243.4395811
C124,110.2003816,-133.2949254,-247.647243
C125,99.01102741,-133.8859095,-251.5330558
C126,87.72075756,-134.3040692,-255.0861245
C127,76.33629466,-134.5444277,-258.2956094
C128,64.86675904,-134.6015937,-261.1509919
C129,53.32044386,-134.4729858,-263.6416245
C130,41.70879617,-134.1550428,-265.7577854
C131,30.04533928,-133.6440642,-267.4910442
C132,18.34320742,-132.9388643,-268.8335975
C133,6.618098915,-132.0375827,-269.779654
C134,-5.114795534,-130.9403618,-270.3246597
C135,-16.83935582,-129.6480352,-270.465925
C136,-28.53861715,-128.1615995,-270.2030701
D121,-40.1967792,-126.4839694,-269.5371235
D122,-44.25122625,-116.1056745,-273.4091164
D123,-48.24304701,-105.5761549,-276.9067854
D124,-52.16569529,-94.90138824,-280.0149908
D125,-56.01298701,-84.09064255,-282.7185302
D126,-59.77771478,-73.15455013,-285.0035652
D127,-63.4523461,-62.10530239,-286.8577815
D128,-67.03018196,-50.95837686,-288.2701534
D129,-70.50349294,-39.72911794,-289.2325213
D130,-73.86632909,-28.43608015,-289.7385755
D131,-77.11260438,-17.09797884,-289.7851236
D132,-80.23582417,-5.732159324,-289.3722517
D133,-83.23213393,5.641092139,-288.5022501
D134,-86.09807793,17.00270387,-287.1804917
D135,-88.82989494,28.33623888,-285.4152271
D136,-91.42593131,39.62511034,-283.2166465
E121,-93.88641415,50.85261441,-280.5968481
E122,-85.10049652,58.60742207,-281.8850745
E123,-76.18390165,66.27252015,-282.7410598
E124,-67.14970115,73.83489073,-283.1600013
E125,-58.01067311,81.28338499,-283.1394362
E126,-48.78222204,88.60517781,-282.6795628
E127,-39.4786139,95.7896578,-281.7830893
E128,-30.11465674,102.8275625,-280.4548877
E129,-20.70451662,109.7105434,-278.702157
E130,-11.26306101,116.4300883,-276.5345768
E131,-1.8027771,122.9814934,-273.962698
E132,7.664370346,129.3606117,-270.9986195
E133,17.12724539,135.5637897,-267.6558272
E134,26.57744184,141.5910369,-263.9471998
E135,36.00606339,147.4405447,-259.8874315
E136,45.40816979,153.1150579,-255.4891013
A121,54.77827286,158.6155911,-250.7659744
A138,64.1138202,163.9458061,-245.7299195
A139,74.49474974,158.2231483,-246.4504223
A140,84.79977421,152.2784654,-246.8140757
A141,94.96423251,146.1441808,-246.8201379
A142,105.1289057,139.7395604,-246.4589678
A143,115.0294231,133.220041,-245.7467615
A144,124.8064211,126.5043321,-244.67762
A145,134.4023734,119.6342434,-243.2600967
A146,144.3177977,112.2314259,-241.3961349
A147,153.5651736,105.0366744,-239.2753614
A148,162.6551372,97.67964611,-236.8135477
A149,171.5377372,90.20479146,-234.0294625
A150,180.3350139,82.50341997,-230.8869939
A151,188.8349715,74.77958391,-227.4638739
A152,197.1609437,66.92130625,-223.7253998
A153,205.273295,58.97655735,-219.6946593
B137,211.6405697,50.38848739,-216.6412999
B138,211.3491131,39.45561037,-218.6091568
B139,209.2649942,27.95659908,-221.5493316
B140,206.9288345,16.42971474,-224.190729
B141,204.3470691,4.939259999,-226.5178247
B142,201.4840555,-6.676526046,-228.5500869
B143,198.3992617,-18.12003227,-230.2407273
B144,195.0570458,-29.55333875,-231.6112413
B145,191.4741478,-40.9077099,-232.6522938
B146,187.4388073,-52.7859606,-233.3929979
B147,183.3534181,-64.00130651,-233.7579352
B148,179.0168937,-75.15825686,-233.791455
B149,174.4566285,-86.19089895,-233.4921044
B150,169.6005153,-97.24780246,-232.8557836
B151,164.5837816,-108.0511983,-231.8920689
B152,159.3350678,-118.7504841,-230.5989725
B153,153.888655,-129.2856438,-228.9842374
C137,147.4214912,-138.1891931,-228.2137585
C138,137.3869743,-140.7861798,-232.0112461
C139,126.4171898,-141.7550578,-236.6750719
C140,115.3163112,-142.5685041,-241.0399386
C141,104.1393833,-143.216398,-245.0764129
C142,92.72391119,-143.706803,-248.8261233
C143,81.35439402,-144.0119824,-252.1927805
C144,69.86943935,-144.1415699,-255.2178153
C145,58.33477431,-144.0886867,-257.8771979
C146,46.12808243,-143.832611,-260.2781964
C147,34.46666595,-143.3962365,-262.1742315
C148,22.73444508,-142.7657047,-263.6899555
C149,11.00157029,-141.9454891,-264.8101896
C150,-0.889968492,-140.9130356,-265.5440494
C151,-12.6347279,-139.7038324,-265.8653011
C152,-24.39080311,-138.2976523,-265.7863496
C153,-36.08548452,-136.7068217,-265.3061672
D137,-46.50513242,-133.5725657,-265.2822434
D138,-51.79816476,-124.6186722,-268.4711033
D139,-55.82004282,-114.1477039,-272.1508756
D140,-59.78926625,-103.5062401,-275.4568294
D141,-63.67621132,-92.7524292,-278.359342
D142,-67.53685707,-81.73559745,-280.8793558
D143,-71.25895842,-70.73397363,-282.9455812
D144,-74.89843008,-59.60191841,-284.581349
D145,-78.42738229,-48.40722106,-285.7704782
D146,-82.02419267,-36.55343603,-286.5358631
D147,-85.32634201,-25.22921597,-286.7975656
D148,-88.51605411,-13.84121957,-286.6025253
D149,-91.574658,-2.465124569,-285.9522492
D150,-94.53445249,9.051626003,-284.8367235
D151,-97.33144455,20.40740537,-283.2860273
D152,-100.0006424,31.7539282,-281.294976
D153,-102.5298338,43.02124548,-278.883514
E137,-103.1443584,53.67355518,-276.8250956
E138,-96.20972751,62.008092,-277.569659
E139,-87.35460843,69.72685019,-278.653063
E140,-78.35537994,77.37009246,-279.3062597
E141,-69.26639636,84.88654984,-279.5236632
E142,-59.96991027,92.3802415,-279.2977115
E143,-50.70023772,99.64670025,-278.6400374
E144,-41.34003373,106.7913482,-277.548165
E145,-31.94861792,113.7686736,-276.034035
E146,-22.02588265,120.9398003,-273.9913969
E147,-12.56694488,127.5891198,-271.6322974
E148,-3.07036252,134.0866244,-268.8702031
E149,6.404259551,140.3979405,-265.7303787
E150,15.99228481,146.6072143,-262.1760174
E151,25.44327773,152.5718734,-258.3025442
E152,34.8946001,158.3767672,-254.0745164
E153,44.29363427,163.999322,-249.5232875
A137,53.83941831,167.7045888,-245.6681485
A155,63.1704326,173.0029652,-240.5114574
A156,73.41368145,169.1099004,-240.3918459
A157,83.79840017,163.2753008,-240.9378276
A158,94.0617968,157.2133728,-241.1466742
A159,104.3237652,150.9199508,-240.9747024
A160,114.4397386,144.4088575,-240.458338
A161,124.328829,137.7983226,-239.5760569
A162,134.0548292,130.9903045,-238.3601003
A163,144.1058906,123.6920485,-236.6921096
A164,153.9589187,116.1957039,-234.6654734
A165,163.1853976,108.9234486,-232.3710509
A166,172.2193208,101.4881738,-229.7623679
A167,181.1698796,93.86650267,-226.7824668
A168,189.9161035,86.0941042,-223.4950283
A169,198.4061329,78.30864209,-219.9049182
A170,206.6924052,70.38781522,-216.0263731
A171,213.2469682,61.85680772,-213.1350493
B154,219.6039482,53.22302523,-210.0057196
B155,219.3687524,42.25477532,-212.0535543
B156,218.8925331,31.2700242,-213.8626752
B157,216.6507041,19.69796492,-216.6505434
B158,214.1387568,8.143169975,-219.1493413
B159,211.3819064,-3.52217644,-221.3334054
B160,208.347845,-15.15204899,-223.2136318
B161,205.1172981,-26.64135937,-224.736495
B162,201.6152918,-38.07690504,-225.9545337
B163,197.7047425,-50.02529041,-226.8603431
B164,193.4998979,-61.88947259,-227.4249192
B165,189.2738907,-73.12288086,-227.6046207
B166,184.7882185,-84.25631958,-227.4724527
B167,180.0473693,-95.40361358,-226.9863497
B168,175.0516144,-106.4272403,-226.1837112
B169,169.9136028,-117.2323612,-225.0369751
B170,164.5390376,-127.8947169,-223.5843268
B171,158.1802199,-136.9238642,-222.9809547
C154,151.6350753,-145.8035456,-222.1216714
C155,141.591783,-148.425719,-225.9903998
C156,131.447837,-150.8842447,-229.6106313
C157,120.3612812,-151.7526231,-234.11206
C158,109.1786696,-152.4345541,-238.3118302
C159,97.78349741,-152.993116,-242.2060595
C160,86.29762663,-153.3515228,-245.7741336
C161,74.83391221,-153.5582931,-248.9491305
C162,63.29460776,-153.5599409,-251.7853842
C163,51.10711033,-153.3968638,-254.3562885
C164,38.85771447,-152.9999942,-256.534322
C165,27.13369454,-152.4580208,-258.2061598
C166,15.37942373,-151.6982483,-259.5069843
C167,3.486664676,-150.7618591,-260.4104949
C168,-8.407807498,-149.6020411,-260.9263978
C169,-20.17940673,-148.295481,-261.0202105
C170,-31.92176162,-146.7713275,-260.7317378
C171,-42.37649422,-143.7472909,-260.9128894
D154,-52.77906434,-140.5458465,-260.770999
D155,-58.08930771,-131.627426,-264.0437384
D156,-63.32721832,-122.5692515,-267.0102668
D157,-67.33623984,-111.9989617,-270.4912728
D158,-71.24862765,-101.2814427,-273.5949503
D159,-75.15974137,-90.3343886,-276.3094665
D160,-78.95822239,-79.2561766,-278.6116225
D161,-82.65554394,-68.18326345,-280.4540045
D162,-86.22740686,-57.00734491,-281.8706945
D163,-89.89508911,-45.20209319,-282.8686458
D164,-93.40962413,-33.32003608,-283.3826628
D165,-96.66835619,-21.95957522,-283.3979506
D166,-99.7762611,-10.56501864,-282.970879
D167,-102.8122913,0.942318966,-282.0731657
D168,-105.6865674,12.44796178,-280.7322079
D169,-108.4349577,23.80360866,-278.9519417
D170,-111.0213863,35.12461694,-276.7541133
D171,-111.7304741,45.80998614,-274.9335885
E154,-112.3009214,56.44139716,-272.7711117
E155,-105.4167182,64.80106289,-273.6348852
E156,-98.3982702,73.07797131,-274.1497551
E157,-89.47572739,80.78081477,-275.0240264
E158,-80.41734492,88.36174326,-275.4809503
E159,-71.18720638,95.93078826,-275.4888046
E160,-61.84692987,103.3502504,-275.0687557
E161,-52.53700268,110.5840421,-274.2096387
E162,-43.14685149,117.6519673,-272.9375275
E163,-33.26124997,124.931668,-271.1386663
E164,-23.31840824,132.0119934,-268.9017721
E165,-13.84055693,138.6164992,-266.3471511
E166,-4.335558729,145.0310511,-263.4160109
E167,5.244857113,151.3581506,-260.0624991
E168,14.83425471,157.4898125,-256.3488888
E169,24.2876953,163.4186142,-252.3039466
E170,33.73638795,169.1582686,-247.9302586
E171,43.3026046,173.0101555,-244.2724195
A154,52.8519352,176.6911525,-240.346699
A173,62.17806613,181.9817418,-235.05943
A174,72.48135823,178.1511334,-235.0453549
A175,82.6774485,174.1119294,-234.7620665
A176,93.04152786,168.1493708,-235.1529325
A177,103.4008405,161.994226,-235.1477237
A178,113.6345802,155.5822414,-234.8188001
A179,123.6798213,148.9505619,-234.1703168
A180,133.5374239,142.2354524,-233.1375619
A181,143.7255555,135.0759374,-231.6434714
A182,153.7344814,127.6708282,-229.8072466
A183,163.5059888,120.0661687,-227.642834
A184,172.6946718,112.7030519,-225.1947389
A185,181.8015248,105.1959577,-222.3599886
A186,190.7190346,97.49061253,-219.226858
A187,199.40061,89.63437148,-215.8150356
A188,207.867168,81.77315549,-212.0758169
A189,214.6144971,73.32508793,-209.3340074
A190,221.1712173,64.73906535,-206.35802
B172,227.5057247,56.05216596,-203.1667539
B173,227.3423435,45.04938058,-205.2791017
B174,226.9184216,34.01233154,-207.1751204
B175,226.2401986,22.99227511,-208.8403755
B176,223.8171619,11.37062649,-211.4923247
B177,221.1867057,-0.34424308,-213.8058545
B178,218.2518347,-12.04726602,-215.84338
B179,215.026049,-23.66864296,-217.5923966
B180,211.6288591,-35.18230743,-218.9662676
B181,207.8671639,-47.20091274,-220.0127025
B182,203.7780496,-59.15990694,-220.7448092
B183,199.3854793,-70.98660083,-221.157273
B184,195.0008331,-82.21906589,-221.1721665
B185,190.4007989,-93.45606473,-220.8140296
B186,185.5095597,-104.5934276,-220.1606243
B187,180.3584843,-115.5666561,-219.2149939
B188,175.0839113,-126.3565183,-217.9057846
B189,168.8546371,-135.5104332,-217.4525605
B190,162.4082983,-144.532774,-216.7562029
C172,155.7739057,-153.3750102,-215.8248618
C173,145.7265438,-156.0367789,-219.7510105
C174,135.5601763,-158.5189803,-223.4514053
C175,125.3194683,-160.81369,-226.9024986
C176,114.1336783,-161.5485496,-231.2485139
C177,102.7612517,-162.1946321,-235.2667871
C178,91.27665014,-162.6190508,-238.9880391
C179,79.74070409,-162.8147153,-242.3863637
C180,68.2020137,-162.8926013,-245.3797847
C181,56.03946752,-162.8466497,-248.0961733
C182,43.78630564,-162.5409797,-250.4504771
C183,31.51769985,-161.9725565,-252.4233154
C184,19.75025424,-161.2984279,-253.8850854
C185,7.865505978,-160.4838448,-254.9358635
C186,-4.052812961,-159.4171652,-255.624141
C187,-15.9302781,-158.1058231,-255.9428194
C188,-27.7100392,-156.6774377,-255.828115
C189,-38.19330536,-153.7847518,-256.1969083
C190,-48.64811189,-150.6912009,-256.2574313
D172,-59.0184028,-147.4062343,-256.0130498
D173,-64.35955964,-138.5364805,-259.3545733
D174,-69.61717123,-129.5000193,-262.4120862
D175,-74.77026474,-120.3407721,-265.1609608
D176,-78.72838376,-109.676578,-268.4457439
D177,-82.70995276,-98.81724158,-271.3317053
D178,-86.56451508,-87.78924883,-273.8333459
D179,-90.26337651,-76.65840621,-275.9273007
D180,-93.89919585,-65.52223067,-277.5538054
D181,-97.66225903,-53.79138985,-278.7620538
D182,-101.2532057,-41.93583112,-279.5107304
D183,-104.6481567,-30.03517362,-279.7910399
D184,-107.8297359,-18.64756442,-279.5745292
D185,-110.9667471,-7.176176149,-278.8800927
D186,-113.9227359,4.339319483,-277.7549494
D187,-116.6816664,15.82614501,-276.2101609
D188,-119.3526273,27.17445482,-274.2193689
D189,-120.1784545,37.87308089,-272.6285285
D190,-120.8482569,48.5514309,-270.6984541
E172,-121.3550741,59.15548291,-268.4469632
E173,-114.542019,67.54697078,-269.4152081
E174,-107.560951,75.86031523,-270.0530208
E175,-100.4536434,84.05341079,-270.3524796
E176,-91.45612535,91.70858396,-271.0310567
E177,-82.32316655,99.36329655,-271.2527002
E178,-73.03259063,106.8733837,-271.0648906
E179,-63.64196754,114.1897324,-270.4705209
E180,-54.28617477,121.3609654,-269.4276586
E181,-44.4752978,128.7611214,-267.8576883
E182,-34.55232788,135.9641896,-265.8593789
E183,-24.58137806,142.9276325,-263.4520569
E184,-15.07990409,149.4608852,-260.7225917
E185,-5.541651598,155.9207876,-257.5612366
E186,4.055807088,162.1825059,-254.0410857
E187,13.65414046,168.215741,-250.1903115
E188,23.11903381,174.0898034,-245.9916861
E189,32.68013801,178.1021328,-242.5267172
E190,42.25968511,181.9386352,-238.7901646
A172,51.81775306,185.5803221,-234.8072588
A192,61.1484311,190.8477858,-229.4016258
A193,71.4862086,187.0996206,-229.4825481
A194,81.7420747,183.1349933,-229.2980573
A195,91.90706337,178.9573767,-228.8486813
A196,102.3682273,172.9149986,-229.0156458
A197,112.687213,166.6321535,-228.8628651
A198,122.8526806,160.1148846,-228.3913878
A199,132.8546638,153.3704424,-227.6023194
A200,143.1823046,146.3244253,-226.2866226
A201,153.3159724,139.0494002,-224.6338689
A202,163.247072,131.5543714,-222.6480367
A203,172.9678953,123.8481019,-220.3338837
A204,182.2326905,116.4316428,-217.648156
A205,191.2953959,108.8350253,-214.6685957
A206,200.152254,101.0650269,-211.4003853
A207,208.8006612,93.12911807,-207.8480672
A208,215.7396326,84.75011044,-205.2574169
A209,222.4791627,76.2450891,-202.4376812
A210,229.0175267,67.61942887,-199.3918819
B191,235.3534897,58.87783107,-196.1230019
B192,235.2442021,47.82569593,-198.3137054
B193,234.882056,36.76187641,-200.2825919
B194,234.2656554,25.69199373,-202.027953
B195,233.3947262,14.62430493,-203.547196
B196,230.8653583,2.844166305,-206.0037128
B197,228.0433744,-8.897483553,-208.1823565
B198,224.9293583,-20.59049438,-210.0794112
B199,221.5240786,-32.22540962,-211.6917179
B200,217.8846658,-44.32647326,-212.8893564
B201,213.9324006,-56.34426397,-213.7736884
B202,209.6696749,-68.26713638,-214.3432414
B203,205.1008555,-80.08212413,-214.5964766
B204,200.6168819,-91.41861311,-214.3739969
B205,195.8570896,-102.6355354,-213.8585862
B206,190.8252776,-113.7241842,-213.0514916
B207,185.5280764,-124.6730367,-211.9540209
B208,179.410756,-133.9565309,-211.6540227
B209,173.086831,-143.095133,-211.1152227
B210,166.5623761,-152.0813136,-210.3382831
C191,159.8428417,-160.908506,-209.3245192
C192,149.7726163,-163.5939247,-213.3232403
C193,139.6092867,-166.1008931,-217.0871379
C194,129.3539635,-168.4268431,-220.6119121
C195,119.0094859,-170.5683451,-223.8928638
C196,107.6399651,-171.2776294,-228.0481487
C197,96.18846855,-171.7711453,-231.9015648
C198,84.65962238,-172.0448242,-235.4453217
C199,73.05937103,-172.0943516,-238.6716352
C200,60.90336677,-172.1400266,-241.5422923
C201,48.68552561,-171.9337871,-244.0519166
C202,36.41836044,-171.4712727,-246.192924
C203,24.11451982,-170.7497626,-247.9581551
C204,12.22201199,-170.0342803,-249.1613594
C205,0.320669492,-169.075066,-250.0060642
C206,-11.57619006,-167.8723715,-250.4890485
C207,-23.45385613,-166.4266776,-250.6086982
C208,-33.97196604,-163.6500498,-251.1649288
C209,-44.44638774,-160.6773657,-251.4189989
C210,-54.8669696,-157.5117137,-251.3698228
D191,-65.22259796,-154.1556543,-251.0180436
D192,-70.58363311,-145.3129491,-254.4357337
D193,-75.8562832,-136.3266222,-257.56636
D194,-81.03547026,-127.2005693,-260.4008165
D195,-86.11471118,-117.9386899,-262.9310051
D196,-90.15088531,-107.1431311,-265.9898379
D197,-94.05546975,-96.2059627,-268.6684068
D198,-97.82119319,-85.1371683,-270.9551646
D199,-101.4403414,-73.94742024,-272.8401124
D200,-105.2815135,-62.26980203,-274.2581289
D201,-108.9483572,-50.49149625,-275.2239384
D202,-112.4335531,-38.63004331,-275.7322203
D203,-115.7313042,-26.70524529,-275.7797093
D204,-118.9545091,-15.2532127,-275.2885524
D205,-121.9948377,-3.776719277,-274.3733328
D206,-124.8494861,7.707335072,-273.038701
D207,-127.5163622,19.18272067,-271.2914491
D208,-128.450005,29.90146945,-269.929567
D209,-129.2251922,40.58717202,-268.2332855
D210,-129.8432932,51.22875707,-266.2090739
E191,-130.305836,61.81718076,-263.864265
E192,-123.5426955,70.2387241,-264.9406288
E193,-116.6287481,78.57116298,-265.6892673
E194,-109.5709809,86.80463727,-266.107296
E195,-102.3773883,94.92848001,-266.1932682
E196,-93.31979625,102.663357,-266.6279384
E197,-84.12174394,110.2434855,-266.6604329
E198,-74.79704631,117.6567666,-266.2908711
E199,-65.35766123,124.8950966,-265.5206719
E200,-55.59977679,132.409497,-264.1799741
E201,-45.74738383,139.717712,-262.4173253
E202,-35.81522953,146.8119816,-260.2410503
E203,-25.81666487,153.6876688,-257.6602085
E204,-16.30029989,160.27411,-254.6927876
E205,-6.744211117,166.653911,-251.3721614
E206,2.84299963,172.826436,-247.7088339
E207,12.4530135,178.7915025,-243.7137675
E208,22.0201549,182.959837,-240.4426433
E209,31.59317574,186.9458721,-236.9045396
E210,41.16664326,190.7504559,-233.1068365
A191,50.7376548,194.3764366,-229.0554145
A212,60.05221332,199.7233748,-223.4676633
A213,70.45757129,196.0376623,-223.6468388
A214,80.80562238,192.1259828,-223.5633435
A215,91.04688479,188.0135066,-223.2132673
A216,101.1043083,183.6508976,-222.6594747
A217,111.5469667,177.4709532,-222.6791763
A218,121.8696668,171.0415481,-222.3787802
A219,132.0109929,164.3979678,-221.7626025
A220,142.4706108,157.6090202,-220.5435088
A221,152.7670273,150.4348855,-219.0662135
A222,162.8955474,143.0187467,-217.2490081
A223,172.796486,135.40715,-215.1051751
A224,182.3547554,127.5473452,-212.7415839
A225,191.5942814,120.0295804,-209.9044655
A226,200.6563565,112.315455,-206.7676319
A227,209.4955131,104.4513491,-203.3487513
A228,216.6384276,96.24478583,-200.8624245
A229,223.5842698,87.7994038,-198.1863834
A230,230.3503959,79.21353358,-195.2717619
A231,236.9031454,70.52307355,-192.1380445
B211,243.1557193,61.70269723,-188.8711705
B212,243.1833334,50.63879305,-191.0596906
B213,242.8718902,39.50752995,-193.1152721
B214,242.3052285,28.34776531,-194.9525532
B215,241.4903789,17.2118015,-196.5573484
B216,240.3591839,6.16658971,-197.9871959
B217,237.6338694,-5.662987782,-200.316573
B218,234.6134765,-17.47629772,-202.3689503
B219,231.311811,-29.20529091,-204.1325768
B220,227.918906,-41.35773231,-205.3796683
B221,224.081101,-53.48425732,-206.420228
B222,219.9248843,-65.55217101,-207.1480055
B223,215.4744266,-77.48844371,-207.5580364
B224,210.6541256,-89.17782187,-207.7464367
B225,206.0013009,-100.5184195,-207.3679302
B226,201.0652766,-111.7622386,-206.6958827
B227,195.876141,-122.8472099,-205.7331588
B228,189.9616153,-132.2514471,-205.5249683
B229,183.7421327,-141.5369063,-205.1369164
B230,177.3088846,-150.6971724,-204.5064205
B231,170.6887957,-159.6850741,-203.6415016
C211,163.8463906,-168.4103614,-202.6203126
C212,153.8014738,-171.1945008,-206.6168382
C213,143.6008446,-173.7241907,-210.4636913
C214,133.2905712,-176.0778671,-214.0797709
C215,122.9166599,-178.2477637,-217.4422284
C216,112.5242305,-180.1444403,-220.5875752
C217,101.0556248,-180.7026667,-224.5890664
C218,89.48440781,-181.0479866,-228.2912178
C219,77.87069075,-181.173383,-231.6700022
C220,65.77371444,-181.4258237,-234.6001104
C221,53.53987523,-181.3093574,-237.2735097
C222,41.2225379,-180.9418451,-239.5881369
C223,28.89633384,-180.3217231,-241.525359
C224,16.65507013,-179.33148,-243.1518355
C225,4.72383645,-178.4697497,-244.1546962
C226,-7.236560254,-177.3637774,-244.8017064
C227,-19.15572133,-176.0218327,-245.0858835
C228,-29.67586116,-173.4472006,-245.7730332
C229,-40.20322165,-170.5885692,-246.214169
C230,-50.70621174,-167.5340196,-246.3529936
C231,-61.12879419,-164.2929236,-246.1925683
D211,-71.3923933,-160.7973495,-245.7942627
D212,-76.83326916,-152.0590318,-249.2249653
D213,-82.12940275,-143.0870525,-252.4399248
D214,-87.34216228,-133.9568352,-255.3699051
D215,-92.45011569,-124.7130211,-257.9913565
D216,-97.34909192,-115.3685883,-260.3295728
D217,-101.3151215,-104.4773917,-263.189103
D218,-105.1581374,-93.42673479,-265.6695162
D219,-108.8494744,-82.2787681,-267.7499533
D220,-112.8663605,-70.76108009,-269.3022165
D221,-116.6185103,-59.01487014,-270.4829153
D222,-120.2037684,-47.14873285,-271.2139309
D223,-123.5973792,-35.24097576,-271.4875354
D224,-126.652704,-23.3350519,-271.3679309
D225,-129.785325,-11.85720292,-270.6570136
D226,-132.7420662,-0.335524411,-269.5253877
D227,-135.5078256,11.15886634,-267.9833338
D228,-136.6266027,21.82534418,-266.8151499
D229,-137.5152592,32.5456196,-265.3439983
D230,-138.2520176,43.25327417,-263.5376503
D231,-138.8297746,53.89352017,-261.4127723
E211,-139.154235,64.42758466,-259.0336297
E212,-132.5430794,72.89801527,-260.1604164
E213,-125.6668561,81.27204423,-261.0227991
E214,-118.6299723,89.56576619,-261.5607277
E215,-111.473039,97.7396181,-261.7668969
E216,-104.1726522,105.6977829,-261.6873463
E217,-95.03471189,113.3728158,-261.9347146
E218,-85.74254474,120.908653,-261.7821783
E219,-76.35135022,128.2584284,-261.2320394
E220,-66.79343413,135.9323978,-260.0586163
E221,-56.97687834,143.3707132,-258.5232836
E222,-47.04787751,150.6211066,-256.5676075
E223,-37.07059017,157.6410511,-254.2096252
E224,-27.02498277,164.2963958,-251.5418935
E225,-17.47540084,170.8155784,-248.4096344
E226,-7.865249957,177.1472947,-244.9214134
E227,1.748626471,183.2617376,-241.1034985
E228,11.22470022,187.6332307,-237.9986428
E229,20.81443437,191.7856232,-234.6473606
E230,30.42808434,195.7705552,-231.0214781
E231,40.02462083,199.5681764,-227.1456194
A211,49.61244477,203.0852568,-223.0950712
A233,58.94092282,208.4190387,-217.3857
A234,69.36821305,204.8926235,-217.5985737
A235,79.7839732,201.0557306,-217.6057772
A236,90.1102289,196.9886808,-217.3645792
A237,100.2443183,192.7035193,-216.903246
A238,110.274272,188.1991076,-216.1988119
A239,120.7231596,181.8866662,-216.0608237
A240,131.0103652,175.3217706,-215.6254385
A241,141.6131962,168.6509191,-214.5645749
A242,152.0304642,161.726076,-213.1919174
A243,162.3253306,154.4284775,-211.5381516
A244,172.4121221,146.8877887,-209.5725071
A245,182.1541646,139.1396613,-207.3688267
A246,191.67732,131.1696235,-204.8667161
A247,200.9204818,123.5529544,-201.8608169
A248,209.955075,115.7393452,-198.5814214
A249,217.2923042,107.6121958,-196.2325324
A250,224.432195,99.33680578,-193.6670521
A251,231.4091377,90.82442171,-190.887309
A252,238.180035,82.17135425,-187.8922882
A253,244.6542771,73.41535771,-184.7529565
B232,250.9211894,64.53000241,-181.4064952
B233,251.000507,53.40137863,-183.6717281
B234,250.8150576,42.2635603,-185.7339651
B235,250.3087086,31.03941233,-187.6501474
B236,249.5325887,19.81970178,-189.3563866
B237,248.467668,8.710165192,-190.8645528
B238,247.1375988,-2.379841687,-192.1628716
B239,244.2254445,-14.28127301,-194.3569599
B240,241.003669,-26.1206639,-196.2881975
B241,237.7294055,-38.36888135,-197.6723545
B242,234.1250324,-50.5374513,-198.7739547
B243,230.0983425,-62.71447551,-199.6465323
B244,225.7411004,-74.78609039,-200.2274334
B245,221.0537659,-86.59736587,-200.5623093
B246,216.0509521,-98.28118436,-200.6097749
B247,211.237579,-109.6490535,-200.0632711
B248,206.1336913,-120.8813938,-199.2459301
B249,200.3328701,-130.4195612,-199.176313
B250,194.309392,-139.8171057,-198.8871661
B251,187.9913338,-149.1262726,-198.3986916
B252,181.455801,-158.2793875,-197.6881414
B253,174.723654,-167.1669573,-196.8077985
C232,167.7882716,-175.8877116,-195.7108837
C233,157.7055838,-178.6929748,-199.7820299
C234,147.536402,-181.3066309,-203.6324299
C235,137.1967052,-183.6899371,-207.3244265
C236,126.7734784,-185.8740424,-210.7851994
C237,116.3588353,-187.8075195,-214.0063436
C238,105.869562,-189.5389824,-216.9925658
C239,94.28651808,-189.9599502,-220.8349803
C240,82.6402401,-190.1393374,-224.3813691
C241,70.53373485,-190.4789774,-227.4520975
C242,58.36823924,-190.5516138,-230.1941514
C243,46.03993371,-190.2881896,-232.6638983
C244,33.67320364,-189.7458994,-234.785444
C245,21.41473896,-188.8716509,-236.576657
C246,9.143343986,-187.7203731,-238.0158802
C247,-2.842364952,-186.7261453,-238.8129764
C248,-14.81697189,-185.4671281,-239.2706751
C249,-25.37503782,-183.0108255,-240.1263985
C250,-35.89624801,-180.3435856,-240.7040179
C251,-46.44986563,-177.4134799,-241.0230235
C252,-56.9468373,-174.2738646,-241.0565066
C253,-67.27591696,-170.9047834,-240.8426007
D232,-77.52976021,-167.335744,-240.3484354
D233,-82.99248403,-158.6132946,-243.8482453
D234,-88.352367,-149.7465244,-247.0803111
D235,-93.59412391,-140.6410788,-250.0892039
D236,-98.72068586,-131.3953653,-252.8112818
D237,-103.6550424,-122.0800264,-255.2367368
D238,-108.4636118,-112.6359649,-257.3668361
D239,-112.3783033,-101.6421773,-260.0211729
D240,-116.1279832,-90.51583091,-262.3016931
D241,-120.2268696,-79.04928353,-264.0381449
D242,-124.1349774,-67.46581024,-265.3591919
D243,-127.8186677,-55.64368706,-266.2977795
D244,-131.29339,-43.73401019,-266.8019001
D245,-134.4588219,-31.8569414,-266.9026097
D246,-137.4089029,-19.92917374,-266.5744861
D247,-140.4712279,-8.417745699,-265.6406167
D248,-143.3238884,3.111443688,-264.3084758
D249,-144.5599042,13.7869969,-263.353988
D250,-145.6214322,24.45020096,-262.0799234
D251,-146.4823232,35.18506889,-260.4927931
D252,-147.1678824,45.88507326,-258.5903905
D253,-147.6196739,56.46216046,-256.4264123
E232,-147.9025013,66.98719066,-253.9648682
E233,-141.3374301,75.49313141,-255.187642
E234,-134.6088466,83.90333109,-256.1064272
E235,-127.622118,92.24180092,-256.7532004
E236,-120.4819685,100.4641628,-257.0860641
E237,-113.230892,108.4763147,-257.1227445
E238,-105.8429918,116.3579935,-256.8493796
E239,-96.62488824,123.9963258,-256.903605
E240,-87.26287089,131.4521783,-256.5778188
E241,-77.76850148,139.24412,-255.6123807
E242,-68.14784936,146.8253167,-254.2507907
E243,-58.27216927,154.2149983,-252.5133177
E244,-48.29507457,161.3748398,-250.3838294
E245,-38.28871116,168.184567,-247.9313083
E246,-28.20753854,174.7599258,-245.1106795
E247,-18.62200024,181.2401273,-241.8033225
E248,-8.983552348,187.5008242,-238.1676714
E249,0.484244992,192.0345496,-235.2480451
E250,9.980507425,196.3774665,-232.0685787
E251,19.59698606,200.5368977,-228.6236213
E252,29.23165845,204.5036969,-224.9262716
E253,38.83182052,208.2017367,-221.0465453
A232,48.44301071,211.7132581,-216.9287725
A255,57.78548726,217.0590097,-211.0822783
A256,68.28758812,213.5919731,-211.3831883
A257,78.68684144,209.8888587,-211.4539854
A258,89.09801436,205.8878893,-211.3056632
A259,99.30783987,201.7000008,-210.9200115
A260,109.431269,197.2637935,-210.3089918
A261,119.4207872,192.6066876,-209.4715842
A262,129.8558694,186.1468411,-209.196516
A263,140.6029127,179.6241473,-208.2694563
A264,151.1860351,172.8032072,-207.0516652
A265,161.5427314,165.7270003,-205.550543
A266,171.8180046,158.2905402,-203.7423671
A267,181.7462202,150.6878329,-201.6754495
A268,191.4748225,142.8156667,-199.3251183
A269,200.9472707,134.7203185,-196.7077217
A270,210.1813893,126.9905782,-193.5509744
A271,217.7165918,118.9671621,-191.324414
A272,225.0652825,110.7614264,-188.8879946
A273,232.1901583,102.4079338,-186.258615
A274,239.1855962,93.81839278,-183.3892803
A275,245.8870015,85.15310718,-180.3635849
A276,252.3891545,76.32289569,-177.1346639
B254,258.6590076,67.36327774,-173.7227177
B255,258.8057108,56.17114722,-176.0486432
B256,258.6678069,44.9507731,-178.1953007
B257,258.2510987,33.75409076,-180.1473159
B258,257.5307715,22.4517754,-181.9393987
B259,256.5482605,11.27846105,-183.5092997
B260,255.2786883,0.104119254,-184.8923493
B261,253.7329852,-11.01766365,-186.0767663
B262,250.6126458,-22.96802527,-188.1550734
B263,247.4790652,-35.31451853,-189.6524548
B264,243.9845509,-47.6048713,-190.8954609
B265,240.1489877,-59.76764914,-191.8761994
B266,235.9115577,-71.97456391,-192.6044104
B267,231.3823056,-83.90782801,-193.060635
B268,226.5016264,-95.73963751,-193.2550644
B269,221.2990793,-107.3973563,-193.1866952
B270,216.3072575,-118.7773772,-192.4935269
B271,210.6388722,-128.4496588,-192.5448722
B272,204.719993,-137.9992049,-192.3917802
B273,198.5766419,-147.3750727,-192.0392713
B274,192.1470947,-156.6946554,-191.4667766
B275,185.5455131,-165.7457518,-190.7101508
B276,178.7120199,-174.6446904,-189.7490179
C254,171.6746953,-183.3462552,-188.5932705
C255,161.5558469,-186.1880682,-192.7260066
C256,151.3340605,-188.8215847,-196.6610521
C257,141.0525615,-191.2408754,-200.3753624
C258,130.5862139,-193.4523421,-203.9217091
C259,120.1517439,-195.4381114,-207.2041554
C260,109.6241006,-197.2054486,-210.2747704
C261,99.05099752,-198.7497173,-213.1136606
C262,87.37313377,-199.0026226,-216.8097272
C263,75.2590606,-199.4512769,-219.9983663
C264,63.06070018,-199.6089472,-222.889717
C265,50.84899718,-199.4722339,-225.4628691
C266,38.44674679,-199.0318864,-227.7465174
C267,26.17668232,-198.2962666,-229.6782021
C268,13.86374981,-197.2576184,-231.2870666
C269,1.583076022,-195.9197391,-232.5610505
C270,-10.43972363,-194.7690287,-233.171747
C271,-21.02987744,-192.4470704,-234.1789274
C272,-31.6065563,-189.8947946,-234.9249668
C273,-42.11444785,-187.1190544,-235.4088423
C274,-52.68036821,-184.1009634,-235.6202731
C275,-63.06833217,-180.8778495,-235.5739485
C276,-73.40481309,-177.4316594,-235.2609366
D254,-83.6365236,-173.774941,-234.6868192
D255,-89.13349476,-165.0784234,-238.2417149
D256,-94.51837952,-156.2143054,-241.5507928
D257,-99.76934361,-147.22347,-244.5909638
D258,-104.9280528,-137.9880078,-247.3999559
D259,-109.910816,-128.7138927,-249.8971765
D260,-114.7586935,-119.2846694,-252.1208656
D261,-119.4508813,-109.7480075,-254.052614
D262,-123.2783575,-98.65887953,-256.5125923
D263,-127.4796078,-87.26236111,-258.4089293
D264,-131.476143,-75.7081523,-259.9184931
D265,-135.2408306,-64.06865582,-261.0271226
D266,-138.8202084,-52.17951455,-261.7411214
D267,-142.1186996,-40.35548639,-262.0392037
D268,-145.1850023,-28.43359477,-261.9308655
D269,-147.9988363,-16.49117366,-261.4174064
D270,-150.9627741,-4.952065295,-260.2805778
D271,-152.3338034,5.71557401,-259.5259053
D272,-153.516691,16.40422721,-258.4610779
D273,-154.5012813,27.0596625,-257.0968891
D274,-155.3160351,37.80081531,-255.4074891
D275,-155.9153799,48.40327824,-253.4485802
D276,-156.3296951,58.98610978,-251.1953642
E254,-156.5527708,69.49953897,-248.6666584
E255,-150.0530738,78.04472944,-249.9697096
E256,-143.35889,86.50005319,-250.9894257
E257,-136.507267,94.82658572,-251.7151588
E258,-129.4042187,103.1050345,-252.1605421
E259,-122.2237838,111.1763799,-252.2980634
E260,-114.8720587,119.1235888,-252.1428857
E261,-107.3923384,126.9078075,-251.6931034
E262,-98.08734376,134.4811463,-251.5727758
E263,-88.68925844,142.4003079,-250.7943346
E264,-79.11384195,150.1151383,-249.6374726
E265,-69.42360564,157.5780086,-248.1121709
E266,-59.48163902,164.892103,-246.1951016
E267,-49.54971867,171.8681942,-243.9409456
E268,-39.49062127,178.6119932,-241.3280792
E269,-29.36459014,185.0871726,-238.3772177
E270,-19.73584337,191.5078604,-234.9147199
E271,-10.30015138,196.2162989,-232.1696663
E272,-0.800188694,200.7321045,-229.1666478
E273,8.721427249,205.0316876,-225.9269799
E274,18.36941237,209.1821259,-222.4016172
E275,27.95740666,213.0745402,-218.6853702
E276,37.59071892,216.7759433,-214.7293283
A254,47.23006122,220.2675228,-210.5577407
A278,56.59657023,225.6117315,-204.5851912
A279,67.14906931,222.2229169,-204.9622003
A280,77.6236109,218.5909819,-205.1127526
A281,88.01193096,214.7181863,-205.0370008
A282,98.3061308,210.6072199,-204.7352964
A283,108.4989181,206.2615346,-204.2078122
A284,118.5828338,201.6848122,-203.4551995
A285,128.5509213,196.8805576,-202.4786178
A286,139.4489698,190.4788358,-201.6938003
A287,150.1658938,183.7971844,-200.6204628
A288,160.6915532,176.8413059,-199.2615716
A289,171.0179593,169.6189621,-197.6184322
A290,181.1367702,162.1370751,-195.69385
A291,191.0407023,154.4032449,-193.4902967
A292,200.7228056,146.4235481,-191.0114898
A293,210.1776957,138.2062855,-188.2593588
A294,217.9120751,130.2715878,-186.1576809
A295,225.4496251,122.1662205,-183.8512284
A296,232.7872387,113.8950596,-181.3416701
A297,239.9217107,105.4628025,-178.6310026
A298,246.850239,96.87347372,-175.7212715
A299,253.5705192,88.13146662,-172.6140088
A300,260.0805004,79.24115805,-169.3105705
B277,266.3778215,70.20435777,-165.8132837
B278,266.5748099,58.93112278,-168.2176884
B279,266.4934159,47.65389524,-170.4344507
B280,266.1328399,36.37738599,-172.4629952
B281,265.4935638,25.10960381,-174.3011622
B282,264.5755458,13.85684267,-175.9478279
B283,263.3785919,2.624708846,-177.4021943
B284,261.9034587,-8.578588545,-178.6627153
B285,260.1504632,-19.74671819,-179.7286104
B286,257.1325355,-32.2066984,-181.3551462
B287,253.7657422,-44.58540831,-182.7248592
B288,250.0528771,-56.8712495,-183.8358109
B289,245.9960811,-69.05443422,-184.6869955
B290,241.5993702,-81.12254557,-185.2770009
B291,236.8656844,-93.06600601,-185.6053916
B292,231.7994255,-104.8736644,-185.6715627
B293,226.4046422,-116.5353605,-185.475597
B294,220.8506058,-126.34956,-185.6542215
B295,215.0569405,-136.0250646,-185.6308955
B296,209.0279919,-145.5548377,-185.4055363
B297,202.7682853,-154.9319489,-184.9783824
B298,196.2811435,-164.151163,-184.350033
B299,189.5722838,-173.2052549,-183.5208743
B300,182.6468789,-182.0878839,-182.4917339
C277,175.5087548,-190.7944856,-181.2635714
C278,165.3346741,-193.6570336,-185.47729
C279,155.0839444,-196.3117726,-189.4809715
C280,144.7573351,-198.7574663,-193.2725947
C281,134.35697,-200.9920242,-196.8497313
C282,123.8849124,-203.0134814,-200.2097377
C283,113.3440668,-204.819802,-203.3495088
C284,102.7394235,-206.4075262,-206.2661683
C285,92.07440941,-207.7746944,-208.9565235
C286,79.93157398,-208.3073256,-212.2798228
C287,67.73560467,-208.556346,-215.3007263
C288,55.49591721,-208.517743,-218.0141862
C289,43.22032327,-208.1893297,-220.4147879
C290,30.91933154,-207.5683119,-222.4977157
C291,18.60401243,-206.6526187,-224.2584829
C292,6.285832025,-205.4411932,-225.6928399
C293,-6.023359624,-203.9336084,-226.7971485
C294,-16.65614843,-201.7298255,-227.9592174
C295,-27.25757493,-199.3017545,-228.8637867
C296,-37.81915993,-196.6508085,-229.5087438
C297,-48.33168355,-193.7781765,-229.8930387
C298,-58.78667949,-190.6861941,-230.015565
C299,-69.17460581,-187.3769779,-229.8764409
C300,-79.48676487,-183.8535147,-229.4759361
D277,-89.71479889,-180.1191932,-228.8148294
D278,-95.23676397,-171.427441,-232.4358125
D279,-100.6406362,-162.5916195,-235.8050612
D280,-105.9217877,-153.6133015,-238.9166808
D281,-111.0751845,-144.4950172,-241.7646182
D282,-116.095814,-135.2408854,-244.3423635
D283,-120.9778688,-125.8548337,-246.6443506
D284,-125.7159686,-116.3425169,-248.6646469
D285,-130.3040163,-106.7098547,-250.398289
D286,-134.5916626,-95.35850282,-252.4594757
D287,-138.6718017,-83.87735971,-254.1378015
D288,-142.5369789,-72.27841711,-255.4270913
D289,-146.1801357,-60.57512169,-256.3224002
D290,-149.5952189,-48.78233871,-256.819966
D291,-152.7771022,-36.91604004,-256.9175262
D292,-155.7209472,-24.99088294,-256.6150674
D293,-158.4238318,-13.02446673,-255.91341
D294,-159.9202804,-2.355496582,-255.3575209
D295,-161.2268996,8.320235077,-254.4972557
D296,-162.3432146,18.99311611,-253.3354172
D297,-163.270307,29.65157833,-251.8751915
D298,-164.0088657,40.2862438,-250.1210368
D299,-164.560259,50.88864094,-248.0778759
D300,-164.9264687,61.45038714,-245.7511355
E277,-165.1095151,71.96484422,-243.1466384
E278,-158.6522178,80.55015586,-244.5372402
E279,-152.0188526,89.03361918,-245.6446439
E280,-145.213474,97.40812063,-246.4659749
E281,-138.2418307,105.6648608,-246.9989575
E282,-131.1106472,113.7943537,-247.242301
E283,-123.8257317,121.7900049,-247.1952015
E284,-116.3943606,129.6438806,-246.8577743
E285,-108.824085,137.3484541,-246.2310428
E286,-99.49599232,145.3914344,-245.6421434
E287,-90.0121195,153.2184425,-244.6810304
E288,-80.38428194,160.8220562,-243.3508475
E289,-70.62483389,168.1949566,-241.6562092
E290,-60.744782,175.3323739,-239.6021616
E291,-50.75682628,182.2284693,-237.1954226
E292,-40.67125946,188.8806111,-234.4425349
E293,-30.49901588,195.2856928,-231.3512886
E294,-21.0833241,200.1641616,-228.7818473
E295,-11.61685834,204.8428652,-225.9599196
E296,-2.104851701,209.3222945,-222.889949
E297,7.4465524,213.602175,-219.5772143
E298,17.03367692,217.684099,-216.0258067
E299,26.65285063,221.5694408,-212.239963
E300,36.29974091,225.2585906,-208.2247952
A277,45.97281015,228.754256,-203.9832241
A302,55.23401573,234.4972174,-197.5792602
A303,65.87732246,231.1707127,-198.0420984
A304,76.46781881,227.5913291,-198.2816501
A305,86.95314492,223.7833732,-198.2910714
A306,97.45953566,219.6780345,-198.0828961
A307,107.7562206,215.3970169,-197.6370453
A308,117.9694213,210.8718368,-196.9669857
A309,128.0498298,206.1328944,-196.0701983
A310,137.6711662,201.0259608,-195.2206793
A311,148.5623132,194.4599411,-194.2939353
A312,159.2955551,187.6034394,-193.0751787
A313,169.8120624,180.492934,-191.5733723
A314,180.2462869,173.0346974,-189.7650798
A315,190.3544149,165.4045912,-187.6936019
A316,200.2711459,157.5070174,-185.3377535
A317,209.945841,149.3865925,-182.7093739
A318,217.8767493,141.9505957,-180.5259559
A319,225.6365328,133.9260847,-178.3404869
A320,233.2211691,125.7163738,-175.9398378
A321,240.5894151,117.3562911,-173.342737
A322,247.8468556,108.7504183,-170.4966032
A323,254.8106077,100.0706447,-167.4922081
A324,261.5867497,91.22050804,-164.2771205
A325,268.1388398,82.2375499,-160.8726154
B301,274.0875853,73.05810206,-157.6685466
B302,274.672139,61.90153193,-159.7776812
B303,274.6402082,50.51947574,-162.0865587
B304,274.3277227,39.11442792,-164.2115646
B305,273.7412916,27.74366845,-166.1368696
B306,272.852675,16.26206689,-167.900794
B307,271.7096911,4.928406536,-169.4362072
B308,270.2837138,-6.403043116,-170.7821728
B309,268.5877755,-17.6746127,-171.9258226
B310,266.3935209,-28.57131272,-173.1183464
B311,263.1451239,-41.08761804,-174.6282835
B312,259.5439022,-53.54410181,-175.8805858
B313,255.6079724,-65.87350897,-176.8689366
B314,251.282612,-78.23195234,-177.6015228
B315,246.6677299,-90.3314437,-178.0615651
B316,241.709394,-102.3270815,-178.2582123
B317,236.4343651,-114.1548929,-178.1900636
B318,231.3594951,-124.0328691,-178.2277639
B319,225.6754641,-133.8743859,-178.333856
B320,219.7435841,-143.5994624,-178.2336739
B321,213.5898204,-153.1544707,-177.9331122
B322,207.146427,-162.669047,-177.4098673
B323,200.5380205,-171.9103579,-176.7017695
B324,193.69635,-181.0090046,-175.7870864
B325,186.6539705,-189.9139644,-174.6755069
C301,179.2945805,-198.2407568,-173.7162192
C302,169.2968465,-201.4270363,-177.6529937
C303,158.973447,-204.102762,-181.7537201
C304,148.5552797,-206.5744999,-185.6497827
C305,138.0911527,-208.8347856,-189.3175812
C306,127.4400178,-210.8922648,-192.8146202
C307,116.842297,-212.7276705,-196.0387722
C308,106.1590252,-214.3484635,-199.0472956
C309,95.44262103,-215.7506828,-201.8193812
C310,84.9446351,-216.6133344,-204.5262687
C311,72.70168035,-216.9542492,-207.6986686
C312,60.38618562,-217.0136201,-210.5703032
C313,48.06277569,-216.7874585,-213.123838
C314,35.57053787,-216.2665082,-215.385091
C315,23.20292058,-215.4600561,-217.2986879
C316,10.8012435,-214.3590701,-218.8916695
C317,-1.567222876,-212.9686376,-220.1525877
C318,-12.08691155,-211.2108236,-221.2241323
C319,-22.75205243,-208.9021013,-222.289216
C320,-33.40713532,-206.3699899,-223.0957953
C321,-43.99366356,-203.6205494,-223.6437484
C322,-54.65136783,-200.6327459,-223.9223181
C323,-65.12477516,-197.4472625,-223.9465491
C324,-75.55368429,-194.0433907,-223.7070699
C325,-85.88107451,-190.4342928,-223.2094137
D301,-95.76883446,-186.3747894,-222.7351274
D302,-101.5396963,-178.0179411,-226.1287588
D303,-106.9730766,-169.1727293,-229.5784804
D304,-112.295752,-160.1678421,-232.7799491
D305,-117.4843095,-151.0481356,-235.709778
D306,-122.5845568,-141.6842374,-238.4095139
D307,-127.5064463,-132.3003661,-240.7949203
D308,-132.2947348,-122.7688695,-242.9081159
D309,-136.928934,-113.1409189,-244.7302871
D310,-141.0185038,-103.5272423,-246.4146872
D311,-145.1970116,-92.07443184,-248.2734257
D312,-149.1759751,-80.47469562,-249.7512262
D313,-152.9294025,-68.79264214,-250.8367031
D314,-156.4997802,-56.88033912,-251.5349536
D315,-159.8008726,-45.02264948,-251.827223
D316,-162.876046,-33.07254467,-251.7221288
D317,-165.7082107,-21.10037176,-251.2201025
D318,-167.597389,-10.72422264,-250.6870691
D319,-169.0388646,-0.03050621,-250.0280331
D320,-170.29871,10.69156627,-249.0635908
D321,-171.3653424,21.384001,-247.8044262
D322,-172.2693677,32.17879196,-246.2222667
D323,-172.962568,42.83003539,-244.3741779
D324,-173.4759337,53.47199443,-242.2333863
D325,-173.8036783,64.049666,-239.8180606
E301,-173.5778006,74.38465237,-237.4110537
E302,-167.5783418,83.0557154,-238.6242605
E303,-160.9774879,91.59354869,-239.830429
E304,-154.1881092,100.0437284,-240.7567573
E305,-147.2510103,108.3620952,-241.3931374
E306,-140.0622571,116.640184,-241.7541843
E307,-132.8101678,124.7054453,-241.81182
E308,-125.392098,132.649011,-241.5822897
E309,-117.853334,140.4318925,-241.063266
E310,-110.1417924,147.6828599,-240.474234
E311,-100.7155848,155.6522137,-239.7091916
E312,-91.11849676,163.4237415,-238.5723785
E313,-81.40502846,170.9551157,-237.0726742
E314,-71.45348038,178.3389102,-235.1895472
E315,-61.49895369,185.4048717,-232.9703838
E316,-51.41802704,192.2480242,-230.396453
E317,-41.26742907,198.8351372,-227.4856258
E318,-32.2672143,204.0168298,-224.9480089
E319,-22.80943294,208.8821611,-222.2993911
E320,-13.28124015,213.5652719,-219.3900003
E321,-3.728123004,218.0395156,-216.2418699
E322,5.965875089,222.3797037,-212.8007828
E323,15.5964458,226.4645034,-209.1676317
E324,25.28029014,230.3684755,-205.288465
E325,34.97355352,234.0706198,-201.188276
A301,44.67215355,237.1820183,-197.2033783
A327,53.96633709,242.9348198,-190.6551479
A328,64.54220014,240.0598282,-190.8959383
A329,75.22335701,236.5541258,-191.212794
A330,85.81762714,232.7903107,-191.3203309
A331,96.42259998,228.7626224,-191.1892137
A332,106.924933,224.4782022,-190.8443398
A333,117.2431477,220.0300419,-190.2466685
A334,127.4468281,215.3358274,-189.4402616
A335,137.1811361,210.3049344,-188.6666434
A336,146.7897042,205.0486265,-187.6959614
A337,157.701221,198.3231056,-186.6109218
A338,168.4160033,191.3024896,-185.260145
A339,179.0468642,183.9731732,-183.5810437
A340,189.4611657,176.3565547,-181.6350415
A341,199.5873832,168.5795549,-179.397542
A342,209.4875217,160.5334772,-176.9022861
A343,217.6152629,153.1931317,-174.8223219
A344,225.5622999,145.6664255,-172.5572356
A345,233.3734215,137.5505938,-170.2676908
A346,240.9801035,129.2487061,-167.7875838
A347,248.4782527,120.7298662,-165.0454861
A348,255.762657,112.0300904,-162.1118054
A349,262.7882496,103.2572971,-158.9888743
A350,269.5984532,94.31297371,-155.6806919
A351,275.8078194,85.19710843,-152.565269
B326,281.7980642,75.92787638,-149.2781593
B327,282.4311933,64.67213723,-151.4592415
B328,282.7784789,53.40968476,-153.4770526
B329,282.5240569,41.90239911,-155.6853363
B330,281.9730205,30.4087473,-157.7184124
B331,281.1472451,18.82608724,-159.5612129
B332,280.0199478,7.269057995,-161.2240616
B333,278.6575215,-4.162742113,-162.6421299
B334,276.9998804,-15.55661581,-163.8817231
B335,274.8707733,-26.55386619,-165.1488913
B336,272.4667068,-37.49447811,-166.2437829
B337,268.9957298,-50.09117179,-167.6252659
B338,265.1581696,-62.58305747,-168.7686207
B339,260.9674244,-75.0922175,-169.6277489
B340,256.4094679,-87.4737177,-170.2425096
B341,251.5841628,-99.62686428,-170.5582166
B342,246.4054575,-111.6347661,-170.6332125
B343,241.4432388,-121.6601398,-170.7790716
B344,236.231819,-131.5588356,-170.7485049
B345,230.4190789,-141.4532366,-170.7684933
B346,224.3547897,-151.1953179,-170.6027294
B347,218.0292108,-160.8921482,-170.1970243
B348,211.4562855,-170.4206631,-169.6026057
B349,204.7263548,-179.7097357,-168.7989244
B350,197.7617011,-188.8223339,-167.8108557
B351,190.5056183,-197.3493577,-166.9642959
C326,183.0384783,-205.691591,-165.944435
C327,172.9667678,-208.8972446,-169.9611004
C328,162.8218277,-211.8837511,-173.7879046
C329,152.3374495,-214.3830558,-177.7731082
C330,141.7887532,-216.6534259,-181.5538917
C331,131.0794685,-218.7444812,-185.1348643
C332,120.3092349,-220.5989958,-188.5039525
C333,109.5753068,-222.2568178,-191.5893832
C334,98.78618048,-223.679064,-194.461961
C335,88.24428056,-224.5855776,-197.2481922
C336,77.66356682,-225.2669836,-199.8272185
C337,65.30481593,-225.4299343,-202.8415939
C338,52.91402094,-225.2849399,-205.565308
C339,40.37723622,-224.8795479,-207.9719845
C340,27.825995,-224.1555422,-210.0744123
C341,15.37442434,-223.1770505,-211.8110236
C342,2.929633551,-221.8827472,-213.2418454
C343,-7.639682637,-220.2382186,-214.4474369
C344,-18.18447852,-218.3643741,-215.4256583
C345,-28.90160458,-215.9613605,-216.3851907
C346,-39.57404857,-213.3201983,-217.1025301
C347,-50.30484241,-210.4672725,-217.5378511
C348,-60.97334692,-207.374907,-217.72466
C349,-71.48629971,-204.1058534,-217.6403071
C350,-81.92220707,-200.6068223,-217.3112656
C351,-91.90802037,-196.682577,-216.9966058
D326,-101.8016981,-192.546581,-216.4507666
D327,-107.598309,-184.1776232,-219.9021485
D328,-113.2655753,-175.6664968,-223.1257006
D329,-118.6230799,-166.6626398,-226.4007904
D330,-123.837125,-157.5183076,-229.4271816
D331,-128.9788786,-148.1631509,-232.2035906
D332,-133.9641417,-138.6706343,-234.7168338
D333,-138.7987636,-129.1511653,-236.9076859
D334,-143.4689336,-119.5062515,-238.8301593
D335,-147.6129257,-109.9086695,-240.6023052
D336,-151.5914551,-100.2060334,-242.1122313
D337,-155.6799328,-88.64352454,-243.7628297
D338,-159.5300873,-76.96199514,-245.0460645
D339,-163.2242562,-65.08076302,-245.9277589
D340,-166.6633582,-53.10511919,-246.427645
D341,-169.8708598,-41.17330762,-246.5085965
D342,-172.8189228,-29.17803719,-246.2124265
D343,-174.8333777,-18.80497558,-245.8518
D344,-176.653679,-8.407512629,-245.2165687
D345,-178.0580166,2.325615461,-244.4460829
D346,-179.2563248,13.0625953,-243.3898388
D347,-180.3121775,23.88255507,-242.0025131
D348,-181.1587403,34.68937402,-240.3311215
D349,-181.8255056,45.37115477,-238.37808
D350,-182.2896891,56.02375611,-236.1546182
D351,-182.2209508,66.41548794,-233.9344243
E326,-181.9618677,76.76317837,-231.4651818
E327,-175.9957067,85.47805526,-232.7498436
E328,-169.8473758,94.08990164,-233.7821477
E329,-163.1026687,102.5968648,-234.801097
E330,-156.1772072,110.9790083,-235.5503646
E331,-149.0359354,119.3228884,-236.0096021
E332,-141.7212368,127.5248228,-236.1914689
E333,-134.348579,135.5419813,-236.0603185
E334,-126.818901,143.4047706,-235.6566278
E335,-119.1512673,150.7403607,-235.1729681
E336,-111.3489805,157.9153835,-234.4321625
E337,-101.8239142,165.8368569,-233.4814488
E338,-92.13735229,173.5213812,-232.1838487
E339,-82.24787463,181.0730033,-230.4871812
E340,-72.21633728,188.3717878,-228.445549
E341,-62.1848843,195.3934271,-226.0489189
E342,-52.03504773,202.1592241,-223.3247234
E343,-43.0668424,207.5084404,-220.9421798
E344,-34.02570928,212.6640401,-218.3269378
E345,-24.51986002,217.5408247,-215.5830836
E346,-14.95122742,222.207839,-212.602244
E347,-5.27008242,226.7517052,-209.3194849
E348,4.465531773,231.0833155,-205.8033974
E349,14.14604971,235.1955439,-202.0696429
E350,23.87396058,239.1020959,-198.1131947
E351,33.58170444,242.4300333,-194.2679076
A326,43.32752037,245.5587181,-190.2160827
A353,52.65287673,251.3466438,-183.5035198
A354,63.32475719,248.5250018,-183.8110315
A355,73.90170935,245.4473718,-183.9335426
A356,84.60620364,241.748106,-184.1213655
A357,95.30972596,237.8180581,-184.0483567
A358,105.9302616,233.6006741,-183.7829184
A359,116.414376,229.1239431,-183.3208429
A360,126.7422512,224.4961492,-182.5874277
A361,136.5907252,219.5616442,-181.8714715
A362,146.3306582,214.3707129,-180.975914
A363,155.9151757,208.9541678,-179.9009325
A364,166.830824,202.0521714,-178.6794653
A365,177.6603178,194.8814374,-177.1053056
A366,188.293926,187.3800108,-175.2827496
A367,198.6737826,179.5891384,-173.2221157
A368,208.8041426,171.6493331,-170.8384589
A369,217.1308126,164.4279852,-168.8454133
A370,225.2917141,156.9867333,-166.6758802
A371,233.2439822,149.3579112,-164.3452373
A372,241.0941638,141.1392721,-161.9668919
A373,248.8376887,132.7353598,-159.3108095
A374,256.3804069,124.1121223,-156.4701772
A375,263.6802222,115.3073243,-153.4649913
A376,270.7560227,106.4292903,-150.2378886
A377,277.2324183,97.40225689,-147.1958761
A378,283.4984919,88.18532876,-143.9864762
B352,289.5189888,78.81641148,-140.6307766
B353,290.2169526,67.46387224,-142.8664885
B354,290.6082339,56.08233388,-144.9648946
B355,290.6985955,44.72697178,-146.9090078
B356,290.2002634,33.10976503,-149.03384
B357,289.4542901,21.4239175,-150.9378689
B358,288.3832899,9.743616845,-152.6874493
B359,286.9985111,-1.873207454,-154.2684553
B360,285.3974166,-13.38949377,-155.5868842
B361,283.3497527,-24.48873459,-156.9115308
B362,281.0032449,-35.55068431,-158.0865189
B363,278.3731977,-46.52295945,-159.1022792
B364,274.6575475,-59.18011659,-160.3784828
B365,270.6259886,-71.84095997,-161.3388024
B366,266.1926891,-84.39924992,-162.0824296
B367,261.3831275,-96.78398962,-162.6048616
B368,256.3258221,-108.9757478,-162.8000196
B369,251.4942481,-119.1491304,-163.0363476
B370,246.386614,-129.2159379,-163.1124425
B371,241.0264714,-139.1214295,-163.0316129
B372,235.0712339,-149.0540042,-162.9834655
B373,228.8846946,-158.9344651,-162.6759057
B374,222.4187486,-168.6664776,-162.1951049
B375,215.7023671,-178.1963141,-161.5490412
B376,208.8389489,-187.5187284,-160.6669755
B377,201.7046578,-196.2505624,-159.915687
B378,194.3292981,-204.811991,-159.0029466
C352,186.7430694,-213.1572977,-157.9399666
C353,176.600548,-216.3954077,-162.0237877
C354,166.3653797,-219.3993791,-165.9419217
C355,156.0861499,-222.1616856,-169.6707127
C356,145.4547629,-224.4573907,-173.5519892
C357,134.6893408,-226.5972791,-177.2021692
C358,123.8431486,-228.4828423,-180.6660682
C359,112.9681808,-230.1107396,-183.921283
C360,102.1111594,-231.5675363,-186.8806213
C361,91.52622028,-232.5327884,-189.7315869
C362,80.88474566,-233.2550696,-192.3985202
C363,70.23635367,-233.7351799,-194.8638021
C364,57.77933532,-233.6921854,-197.7381293
C365,45.19856455,-233.4235888,-200.267522
C366,32.57860887,-232.8123837,-202.5219102
C367,19.98648717,-231.8609064,-204.4870876
C368,7.469178301,-230.6851865,-206.0668299
C369,-3.146520375,-229.1687576,-207.3897683
C370,-13.76020966,-227.4054445,-208.5034084
C371,-24.31788042,-225.3998684,-209.4043013
C372,-35.07236917,-222.8844201,-210.2745863
C373,-45.87208678,-220.1844745,-210.8478969
C374,-56.63450085,-217.2232177,-211.1897605
C375,-67.30117554,-214.010806,-211.3024695
C376,-77.84097047,-210.6424989,-211.1255273
C377,-87.9200214,-206.8714807,-210.9541833
C378,-97.9296837,-202.8660897,-210.5641255
D352,-107.817565,-198.6403578,-209.9629381
D353,-113.6515944,-190.2685483,-213.4585264
D354,-119.3481245,-181.7315496,-216.7488109
D355,-124.8857532,-173.0703956,-219.8113325
D356,-130.1384261,-163.9116857,-222.9205698
D357,-135.3348395,-154.5749548,-225.7580949
D358,-140.3655249,-145.0745563,-228.3565887
D359,-145.208395,-135.4594846,-230.6961451
D360,-149.9290792,-125.8103171,-232.7036029
D361,-154.1400786,-116.2387818,-234.5482995
D362,-158.1769853,-106.5360032,-236.151616
D363,-162.0215604,-96.75139587,-237.5009628
D364,-165.9881272,-85.08664235,-238.9606048
D365,-169.8249925,-73.25244944,-240.00252
D366,-173.3939288,-61.28516072,-240.6880407
D367,-176.6728948,-49.25238691,-241.0123853
D368,-179.758534,-37.25283071,-240.902391
D369,-181.9128648,-26.89851947,-240.6978391
D370,-183.8637647,-16.48760146,-240.2316496
D371,-185.5965822,-6.072438017,-239.5103208
D372,-186.9445009,4.692860985,-238.6429206
D373,-188.1702036,15.52064281,-237.4349298
D374,-189.1735329,26.37008415,-235.9520277
D375,-189.9445038,37.1847733,-234.2083131
D376,-190.566601,47.89341934,-232.1652519
D377,-190.6742215,58.32467999,-230.1199999
D378,-190.5762588,68.74443582,-227.829708
E352,-190.268858,79.10058539,-225.3127291
E353,-184.3519981,87.86522309,-226.6533972
E354,-178.2241088,96.53352926,-227.7630517
E355,-171.9202103,105.0665484,-228.6299418
E356,-165.0260158,113.5179779,-229.4765474
E357,-157.9505676,121.9352199,-230.0164882
E358,-150.6686495,130.2163002,-230.2999583
E359,-143.223471,138.3204751,-230.3209807
E360,-135.7243076,146.2700408,-230.0174978
E361,-128.1206894,153.6956996,-229.6236432
E362,-120.3479149,160.9674918,-228.9884058
E363,-112.4510887,168.0494825,-228.1131409
E364,-102.8183391,175.9001237,-226.9978134
E365,-93.02165655,183.6288295,-225.4668154
E366,-83.03488449,191.1098827,-223.6063528
E367,-72.91605084,198.3022157,-221.4298758
E368,-62.79903201,205.2594207,-218.8762362
E369,-53.88493066,210.7857363,-216.635102
E370,-44.86344938,216.1202678,-214.1671553
E371,-35.77542581,221.2360786,-211.4889952
E372,-26.21615321,226.108227,-208.6642537
E373,-16.57418222,230.8670626,-205.5277387
E374,-6.838991495,235.4136073,-202.1599178
E375,2.945578535,239.723071,-198.5830276
E376,12.68200999,243.848067,-194.7615705
E377,22.37543514,247.4056017,-191.0458585
E378,32.14080272,250.7603812,-187.123436
A352,41.93756363,253.8919965,-183.0185689
A380,51.30749807,259.7048731,-176.1492367
A381,62.05022184,256.954105,-176.5113571
A382,72.72239792,253.9400429,-176.6921152
A383,83.31830891,250.6654084,-176.6903441
A384,94.13280519,246.8112619,-176.6873244
A385,104.8456558,242.6839496,-176.4891626
A386,115.4493014,238.2862303,-176.0962136
A387,125.9364391,233.6213778,-175.5086959
A388,135.9091443,228.763387,-174.8589107
A389,145.7571042,223.6625041,-174.0293125
A390,155.4753107,218.3231106,-173.019156
A391,165.0573107,212.7479302,-171.8300362
A392,176.0928564,205.7122345,-170.3693328
A393,186.9167469,198.3606937,-168.6629935
A394,197.52091,190.7007819,-166.7112893
A395,207.8963974,182.7375433,-164.5172192
A396,216.4272769,175.6193433,-162.6144026
A397,224.7795769,168.2926201,-160.5400898
A398,232.949285,160.7620771,-158.2945296
A399,240.931861,153.029791,-155.8800242
A400,248.924238,144.7245728,-153.3129088
A401,256.7042755,136.2130752,-150.5670653
A402,264.26772,127.4990508,-147.6436843
A403,271.6106675,118.5863305,-144.543571
A404,278.3558085,109.6337942,-141.5772855
A405,284.881671,100.5053078,-138.4491876
A406,291.1845489,91.20228088,-135.1607903
B379,297.261196,81.72910923,-131.7119186
B380,298.008161,70.25787247,-134.0238419
B381,298.4521623,58.78342128,-136.1880528
B382,298.5938878,47.3117798,-138.2038485
B383,298.43422,35.85038537,-140.0701439
B384,297.7495815,24.0413588,-142.0556156
B385,296.7466602,12.26333388,-143.8780339
B386,295.4267725,0.523790882,-145.5364909
B387,293.7912974,-11.16987205,-147.0301954
B388,291.8066094,-22.38847331,-148.428833
B389,289.5317428,-33.54752189,-149.6717619
B390,286.9686004,-44.63965865,-150.7582554
B391,284.117856,-55.6603802,-151.6885594
B392,280.2208554,-68.49089291,-152.7677802
B393,275.9340625,-81.1935936,-153.6270285
B394,271.2612687,-93.75817019,-154.2655787
B395,266.2065118,-106.173358,-154.6831338
B396,261.487707,-116.507902,-155.0191564
B397,256.502929,-126.716339,-155.195606
B398,251.2557631,-136.7915633,-155.2123253
B399,245.74874,-146.7284708,-155.0693966
B400,239.6822943,-156.8031641,-154.8679947
B401,233.3476523,-166.7118716,-154.4957246
B402,226.7491588,-176.4476533,-153.9528594
B403,219.8913503,-186.0037378,-153.2397184
B404,212.8635951,-194.9464549,-152.5892459
B405,205.6049431,-203.704868,-151.7810627
B406,198.1203572,-212.2730303,-150.8155027
C379,190.4140638,-220.6456535,-149.6932042
C380,180.1787935,-223.9026799,-153.8676823
C381,169.8787511,-226.9237417,-157.8613491
C382,159.5157169,-229.7090473,-161.6735115
C383,149.0934241,-232.2570503,-165.303508
C384,138.2503847,-234.42908,-169.0451109
C385,127.3553529,-236.3483504,-172.587727
C386,116.4103488,-238.0148561,-175.9296549
C387,105.4201487,-239.426618,-179.0694466
C388,94.77470292,-240.4337314,-182.0026902
C389,84.09683179,-241.2027041,-184.7431815
C390,73.39108294,-241.732282,-187.2890699
C391,62.66324691,-242.0205835,-189.6388513
C392,50.01868921,-241.8660461,-192.3081247
C393,37.36272723,-241.3759952,-194.6981469
C394,24.70430431,-240.5495634,-196.8055767
C395,12.0545002,-239.3854425,-198.6277521
C396,1.37798638,-237.9814065,-200.0760533
C397,-9.276104516,-236.3359761,-201.3154833
C398,-19.90042522,-234.449339,-202.3447153
C399,-30.48833462,-232.3224266,-203.1622178
C400,-41.36941075,-229.7584659,-203.8793222
C401,-52.19322072,-226.939811,-204.368058
C402,-62.95233061,-223.8686389,-204.6273091
C403,-73.63848937,-220.5471179,-204.6566881
C404,-83.8193563,-216.914703,-204.6317423
C405,-93.91493518,-213.0545524,-204.3921819
C406,-103.9178623,-208.9694254,-203.9384857
D379,-113.8212045,-204.6622903,-203.271383
D380,-119.6845964,-196.2649645,-206.8270767
D381,-125.4034264,-187.7267032,-210.1681447
D382,-130.974414,-179.0490639,-213.2911014
D383,-136.3938675,-170.2343576,-216.192218
D384,-141.6346492,-160.8923518,-219.1048335
D385,-146.7049124,-151.4127487,-221.7722898
D386,-151.5998608,-141.7996002,-224.1904329
D387,-156.3143037,-132.0568927,-226.3557317
D388,-160.5825326,-122.4914569,-228.282186
D389,-164.6739671,-112.8175248,-229.9653494
D390,-168.5840635,-103.0405935,-231.4024483
D391,-172.3087229,-93.16757901,-232.5905211
D392,-176.2736113,-81.35898327,-233.798827
D393,-179.9691526,-69.44004246,-234.6547486
D394,-183.3902837,-57.42461453,-235.1553432
D395,-186.5321318,-45.32566858,-235.2993987
D396,-188.8170516,-34.97600151,-235.2521446
D397,-190.8959905,-24.58562863,-234.9485965
D398,-192.7680787,-14.16423971,-234.388919
D399,-194.432425,-3.720588954,-233.574297
D400,-195.8179617,7.12703751,-232.5460655
D401,-196.9794903,17.98007983,-231.2489189
D402,-197.9180213,28.82865826,-229.6853103
D403,-198.6338086,39.66583828,-227.8587918
D404,-198.9090158,50.14634675,-225.9885742
D405,-198.9776617,60.60035443,-223.8791672
D406,-198.8422543,71.02020441,-221.5338415
E379,-198.5045075,81.40066443,-218.9564083
E380,-192.61425,90.21726291,-220.3638612
E381,-186.5314308,98.92446626,-221.5375561
E382,-180.2594252,107.5158475,-222.4754502
E383,-173.8023144,115.9840872,-223.1759957
E384,-166.7693971,124.4744831,-223.8054468
E385,-159.549707,132.817273,-224.1781641
E386,-152.1489474,141.0052381,-224.2934327
E387,-144.5732594,149.0314532,-224.1509935
E388,-137.0116685,156.548018,-223.852527
E389,-129.3002359,163.9001327,-223.314388
E390,-121.4441478,171.0837116,-222.537395
E391,-113.450129,178.0934761,-221.522972
E392,-103.7221488,185.995881,-220.1621016
E393,-93.8233168,193.6412532,-218.4764455
E394,-83.76435307,201.0241929,-216.4695965
E395,-73.55480154,208.1403975,-214.1457337
E396,-64.68101491,213.8406831,-212.0475808
E397,-55.71398236,219.3411974,-209.7279965
E398,-46.65762874,224.642153,-207.1889644
E399,-37.51760357,229.7420674,-204.4336012
E400,-27.90054254,234.712136,-201.4445558
E401,-18.20484166,239.4633414,-198.2300875
E402,-8.435025802,243.995435,-194.7932389
E403,1.404780152,248.3083315,-191.1369784
E404,11.09524325,252.091216,-187.5519076
E405,20.84349817,255.6659754,-183.7668146
E406,30.6464018,259.0325227,-179.7840514
A379,40.50234062,262.1913804,-175.605128
A407,71.54611998,262.4580768,-169.1645009
A408,82.25709921,259.2369705,-169.2233337
A409,92.79785134,255.7186807,-169.163797
A410,103.6420824,251.6588701,-169.0385147
A411,114.4037912,247.316857,-168.7181378
A432,124.0221576,251.7997827,-160.6533655
A412,125.0300612,242.7198211,-168.1991386
A433,134.2344889,247.1918796,-160.0515524
A413,135.1068527,238.0358075,-167.541465
A434,144.3266642,242.3259691,-159.2873309
A414,145.0998463,233.0017698,-166.7780536
A435,154.362453,237.1165017,-158.397436
A415,154.9878931,227.7141926,-165.8324991
A436,164.2619284,231.6510084,-157.3433759
A416,164.7230117,222.2038205,-164.705389
A437,173.921194,225.9577724,-156.166216
A417,174.2265598,216.4350642,-163.4757246
A438,183.4343788,220.0207238,-154.8280234
A418,185.2796074,209.2071946,-161.878794
A439,194.5340699,212.6017995,-153.0734075
A419,196.1444982,201.649645,-160.0292666
A440,205.4078336,204.8480652,-151.0939079
A420,206.7644326,193.8021213,-157.9367889
A441,214.3455165,198.0430841,-149.2961867
A421,215.4912557,186.8879468,-156.062817
A442,223.1112607,191.0099362,-147.3410939
A422,224.0676252,179.6545135,-154.0719601
A443,231.7589643,183.660193,-145.2409544
A423,232.4868122,172.1983831,-151.8997262
A444,240.2201327,176.0845192,-142.9835833
A424,240.7048065,164.5524858,-149.5609425
A445,248.3914183,168.3177983,-140.6380633
A425,248.6363721,156.6878211,-147.1494085
A446,256.368514,160.3364336,-138.1399953
A426,256.6830472,148.2644413,-144.4840143
A427,264.5385834,139.617138,-141.626979
A428,272.1608265,130.7832312,-138.5971311
A429,279.1851064,122.011221,-135.6507102
A430,285.9984047,112.9467957,-132.5873222
B407,306.581306,49.87085752,-129.1570246
B408,306.4652858,38.27072831,-131.1035963
B409,305.9864222,26.77470532,-132.9566558
B410,305.0402051,14.85214459,-134.869199
B411,303.7710517,2.94167586,-136.6218006
B432,310.6113227,-6.563400136,-129.0799998
B412,302.1919667,-8.896079127,-138.1995576
B433,308.8376586,-18.00770323,-130.5351414
B413,300.3562082,-20.20221069,-139.5828736
B434,306.7584266,-29.39156823,-131.8530181
B414,298.1376491,-31.50274143,-140.9063047
B435,304.3079903,-40.79434659,-133.0937936
B415,295.6225206,-42.76277967,-142.0760326
B436,301.5513116,-52.11971476,-134.1936084
B416,292.8283134,-53.9259232,-143.0815611
B437,298.4906137,-63.25225057,-135.1764613
B417,289.7041423,-64.91403155,-143.9966677
B438,295.1343573,-74.29336903,-136.0196475
B418,285.5441673,-77.81320545,-144.9791478
B439,290.7169486,-87.28577122,-136.8894329
B419,280.9871017,-90.60631686,-145.7394044
B440,285.8894255,-100.1268547,-137.5604919
B420,276.0575045,-103.2251459,-146.2735458
B441,281.4843186,-110.7766424,-138.0113027
B421,271.5386099,-113.6989279,-146.6340201
B442,276.796396,-121.303522,-138.321195
B422,266.6589704,-124.09125,-146.9099522
B443,271.7571984,-131.7779916,-138.5230031
B423,261.505227,-134.3788719,-147.0220563
B444,266.437355,-142.1124296,-138.5810439
B424,256.1001217,-144.5072774,-146.9740665
B445,260.8511636,-152.1872848,-138.5463474
B425,250.4037918,-154.388368,-146.8526677
B446,254.9968745,-162.1102996,-138.3703837
B426,244.1811007,-164.5125622,-146.5839484
B427,237.6789249,-174.4932534,-146.1382831
B428,230.9268143,-184.2754566,-145.5233453
B429,224.0967579,-193.4222157,-144.9059114
B430,216.9346612,-202.4125396,-144.1939595
C407,162.8750832,-237.3546895,-153.3893364
C408,152.3511326,-239.9215022,-157.1137133
C409,141.8454616,-242.1674672,-160.6879135
C410,130.8559494,-244.1179989,-164.3339592
C411,119.7959252,-245.8183783,-167.785625
C432,112.0091069,-255.094106,-162.7281036
C412,108.7181659,-247.2652886,-171.0216227
C433,101.2644982,-256.2585512,-165.7471603
C413,98.05294311,-248.3890814,-173.9555025
C434,90.4930016,-257.1720531,-168.5889222
C414,87.29510859,-249.1982424,-176.788044
C435,79.61042157,-257.7902603,-171.3173252
C415,76.48879089,-249.7686473,-179.4318561
C436,68.71126383,-258.152167,-173.8624732
C416,65.68427241,-250.1019832,-181.8695424
C437,57.90138542,-258.2273444,-176.2296014
C417,54.94611437,-250.1250057,-184.1547628
C438,47.08596886,-258.0501405,-178.413605
C418,42.20358559,-249.7481738,-186.6935785
C439,34.22564582,-257.4645867,-180.8122534
C419,29.4287448,-249.0371898,-188.9536802
C440,21.37595494,-256.5211769,-182.9471188
C420,16.68885497,-247.9938966,-190.9225066
C441,10.60125561,-255.4136362,-184.5696483
C421,5.987792592,-246.7758017,-192.427213
C442,-0.152937882,-254.0541781,-186.0024831
C422,-4.747986537,-245.2409869,-193.7950807
C443,-10.96705347,-252.39782,-187.2816143
C423,-15.4810171,-243.4649986,-194.953536
C444,-21.74553851,-250.4856285,-188.365665
C424,-26.1568078,-241.4528373,-195.8991008
C445,-32.37422637,-248.2937681,-189.2877632
C425,-36.69927895,-239.1380835,-196.6997291
C446,-42.9544618,-245.8532881,-190.0157134
C426,-47.62558709,-236.4534164,-197.3324219
C427,-58.51660205,-233.5132932,-197.7342816
C428,-69.31528718,-230.3277813,-197.9072173
C429,-79.56730486,-226.9146259,-197.9682579
C430,-89.7845883,-223.1894847,-197.8728233
D407,-137.1272941,-184.9546806,-206.5284109
D408,-142.5829144,-176.1076048,-209.4980788
D409,-147.7852198,-167.1632895,-212.2744149
D410,-152.9049926,-157.6631466,-215.0270639
D411,-157.860564,-148.0099024,-217.5381378
D432,-168.8838219,-144.4008524,-213.0054344
D412,-162.6303929,-138.2517616,-219.7892942
D433,-173.3251747,-134.9057597,-215.0206992
D413,-167.0120911,-128.7636915,-221.7278342
D434,-177.5795012,-125.3000177,-216.8124588
D414,-171.1654375,-119.0784636,-223.5004283
D435,-181.6310555,-115.4872448,-218.4276836
D415,-175.1478885,-109.2691581,-225.0325735
D436,-185.4840568,-105.5728685,-219.8110607
D416,-178.941231,-99.38570937,-226.3124796
D437,-189.0737564,-95.64366081,-220.9740605
D417,-182.4545449,-89.45878057,-227.3892888
D438,-192.4616495,-85.62875195,-221.90469
D418,-186.2856744,-77.54365669,-228.4166393
D439,-196.1795188,-73.59690192,-222.7428246
D419,-189.855949,-65.50035695,-229.0926709
D440,-199.6017954,-61.46511353,-223.2484703
D420,-193.1447725,-53.39623921,-229.4122105
D441,-202.2078659,-51.19275666,-223.4444795
D421,-195.6172055,-43.12163025,-229.4664924
D442,-204.5999776,-40.86716715,-223.4043284
D422,-197.8329619,-32.71773163,-229.3191712
D443,-206.7643145,-30.39753479,-223.1476245
D423,-199.852042,-22.2553077,-228.9136754
D444,-208.7074274,-19.89032302,-222.651141
D424,-201.6594342,-11.78659136,-228.256297
D445,-210.3669575,-9.436569591,-221.9589159
D425,-203.1669685,-1.3507638,-227.4140178
D446,-211.8075699,1.037206566,-221.03293
D426,-204.4941438,9.539805002,-226.2922244
D427,-205.6058161,20.45747789,-224.8977771
D428,-206.492413,31.34580109,-223.243417
D429,-207.003439,41.80599879,-221.5052658
D430,-207.2450902,52.325487,-219.5644985
E407,-188.5639185,109.9918373,-216.064891
E408,-182.1246587,118.5301279,-216.8405671
E409,-175.4978495,126.8441112,-217.4277158
E410,-168.3070907,135.2744504,-217.8949124
E432,-162.1208857,154.2578445,-211.7499778
E411,-160.9167549,143.5710239,-218.1078232
E433,-154.7385059,161.9781608,-211.567945
E412,-153.3702836,151.6927629,-218.061014
E434,-147.1923913,169.5325898,-211.1657197
E413,-145.9491583,159.3164423,-217.7944636
E435,-139.3835503,176.9487665,-210.5752207
E414,-138.2656287,166.7731182,-217.3534305
E436,-131.4196926,184.185672,-209.7620147
E415,-130.4173805,174.0801727,-216.6735726
E437,-123.3568809,191.1562763,-208.7613972
E416,-122.448809,181.2029112,-215.7557936
E438,-115.1539099,197.9415619,-207.5445129
E417,-114.3500898,188.0546118,-214.6659455
E439,-105.185993,205.7355655,-205.8536354
E418,-104.503864,195.8888556,-213.1475676
E440,-95.03808646,213.2557133,-203.8617779
E419,-94.46914719,203.4853876,-211.3013135
E441,-86.35062935,219.3314877,-201.9883358
E420,-84.3009701,210.8051601,-209.139065
E442,-77.54805929,225.2078548,-199.9065428
E421,-75.56646984,216.7024656,-207.1369551
E443,-68.53618296,230.9078641,-197.6221429
E422,-66.62678781,222.3905281,-204.953917
E444,-59.41843059,236.3999665,-195.1304206
E423,-57.57480556,227.8973479,-202.5413343
E445,-50.25066629,241.5993456,-192.4962356
E424,-48.45381692,233.1930693,-199.9163317
E446,-40.9889293,246.5908394,-189.6629007
E425,-39.25508158,238.1901966,-197.1595545
E426,-29.57217623,243.1645663,-194.0837346
E427,-19.78944147,247.9375548,-190.7709175
E428,-9.95223338,252.4822013,-187.2435701
E429,-0.361589121,256.5293932,-183.7527206
E430,9.394973295,260.3417588,-180.0883475
